antigen_id,antigen_length,tile_position,tile_seq,library_seq,library_length
1D2K,392,1,GGFRSVVYFVNW,GSGAGSGAGSGAGSGAGSGAGSGAGSGAGSGAGSGAGSGAGSGAGSGAGSGAGSGAGSGAGSGAGENLYFQGAGGFRSVVYFVNW,85
1D2K,392,3,FRSVVYFVNWAI,GSGAGSGAGSGAGSGAGSGAGSGAGSGAGSGAGSGAGSGAGSGAGSGAGSGAGSGAGSGAGSGAGENLYFQGAFRSVVYFVNWAI,85
1D2K,392,5,SVVYFVNWAIYG,GSGAGSGAGSGAGSGAGSGAGSGAGSGAGSGAGSGAGSGAGSGAGSGAGSGAGSGAGSGAGSGAGENLYFQGASVVYFVNWAIYG,85
1D2K,392,7,VYFVNWAIYGRG,GSGAGSGAGSGAGSGAGSGAGSGAGSGAGSGAGSGAGSGAGSGAGSGAGSGAGSGAGSGAGSGAGENLYFQGAVYFVNWAIYGRG,85
1D2K,392,9,FVNWAIYGRGHN,GSGAGSGAGSGAGSGAGSGAGSGAGSGAGSGAGSGAGSGAGSGAGSGAGSGAGSGAGSGAGSGAGENLYFQGAFVNWAIYGRGHN,85
1D2K,392,11,NWAIYGRGHNPQ,GSGAGSGAGSGAGSGAGSGAGSGAGSGAGSGAGSGAGSGAGSGAGSGAGSGAGSGAGSGAGSGAGENLYFQGANWAIYGRGHNPQ,85
1D2K,392,13,AIYGRGHNPQDL,GSGAGSGAGSGAGSGAGSGAGSGAGSGAGSGAGSGAGSGAGSGAGSGAGSGAGSGAGSGAGSGAGENLYFQGAAIYGRGHNPQDL,85
1D2K,392,15,YGRGHNPQDLKA,GSGAGSGAGSGAGSGAGSGAGSGAGSGAGSGAGSGAGSGAGSGAGSGAGSGAGSGAGSGAGSGAGENLYFQGAYGRGHNPQDLKA,85
1D2K,392,17,RGHNPQDLKADQ,GSGAGSGAGSGAGSGAGSGAGSGAGSGAGSGAGSGAGSGAGSGAGSGAGSGAGSGAGSGAGSGAGENLYFQGARGHNPQDLKADQ,85
1D2K,392,19,HNPQDLKADQFT,GSGAGSGAGSGAGSGAGSGAGSGAGSGAGSGAGSGAGSGAGSGAGSGAGSGAGSGAGSGAGSGAGENLYFQGAHNPQDLKADQFT,85
1D2K,392,21,PQDLKADQFTHI,GSGAGSGAGSGAGSGAGSGAGSGAGSGAGSGAGSGAGSGAGSGAGSGAGSGAGSGAGSGAGSGAGENLYFQGAPQDLKADQFTHI,85
1D2K,392,23,DLKADQFTHILY,GSGAGSGAGSGAGSGAGSGAGSGAGSGAGSGAGSGAGSGAGSGAGSGAGSGAGSGAGSGAGSGAGENLYFQGADLKADQFTHILY,85
1D2K,392,25,KADQFTHILYAF,GSGAGSGAGSGAGSGAGSGAGSGAGSGAGSGAGSGAGSGAGSGAGSGAGSGAGSGAGSGAGSGAGENLYFQGAKADQFTHILYAF,85
1D2K,392,27,DQFTHILYAFAN,GSGAGSGAGSGAGSGAGSGAGSGAGSGAGSGAGSGAGSGAGSGAGSGAGSGAGSGAGSGAGSGAGENLYFQGADQFTHILYAFAN,85
1D2K,392,29,FTHILYAFANIR,GSGAGSGAGSGAGSGAGSGAGSGAGSGAGSGAGSGAGSGAGSGAGSGAGSGAGSGAGSGAGSGAGENLYFQGAFTHILYAFANIR,85
1D2K,392,31,HILYAFANIRPS,GSGAGSGAGSGAGSGAGSGAGSGAGSGAGSGAGSGAGSGAGSGAGSGAGSGAGSGAGSGAGSGAGENLYFQGAHILYAFANIRPS,85
1D2K,392,33,LYAFANIRPSGE,GSGAGSGAGSGAGSGAGSGAGSGAGSGAGSGAGSGAGSGAGSGAGSGAGSGAGSGAGSGAGSGAGENLYFQGALYAFANIRPSGE,85
1D2K,392,35,AFANIRPSGEVY,GSGAGSGAGSGAGSGAGSGAGSGAGSGAGSGAGSGAGSGAGSGAGSGAGSGAGSGAGSGAGSGAGENLYFQGAAFANIRPSGEVY,85
1D2K,392,37,ANIRPSGEVYLS,GSGAGSGAGSGAGSGAGSGAGSGAGSGAGSGAGSGAGSGAGSGAGSGAGSGAGSGAGSGAGSGAGENLYFQGAANIRPSGEVYLS,85
1D2K,392,39,IRPSGEVYLSDT,GSGAGSGAGSGAGSGAGSGAGSGAGSGAGSGAGSGAGSGAGSGAGSGAGSGAGSGAGSGAGSGAGENLYFQGAIRPSGEVYLSDT,85
1D2K,392,41,PSGEVYLSDTWA,GSGAGSGAGSGAGSGAGSGAGSGAGSGAGSGAGSGAGSGAGSGAGSGAGSGAGSGAGSGAGSGAGENLYFQGAPSGEVYLSDTWA,85
1D2K,392,43,GEVYLSDTWADT,GSGAGSGAGSGAGSGAGSGAGSGAGSGAGSGAGSGAGSGAGSGAGSGAGSGAGSGAGSGAGSGAGENLYFQGAGEVYLSDTWADT,85
1D2K,392,45,VYLSDTWADTDK,GSGAGSGAGSGAGSGAGSGAGSGAGSGAGSGAGSGAGSGAGSGAGSGAGSGAGSGAGSGAGSGAGENLYFQGAVYLSDTWADTDK,85
1D2K,392,47,LSDTWADTDKHY,GSGAGSGAGSGAGSGAGSGAGSGAGSGAGSGAGSGAGSGAGSGAGSGAGSGAGSGAGSGAGSGAGENLYFQGALSDTWADTDKHY,85
1D2K,392,49,DTWADTDKHYPG,GSGAGSGAGSGAGSGAGSGAGSGAGSGAGSGAGSGAGSGAGSGAGSGAGSGAGSGAGSGAGSGAGENLYFQGADTWADTDKHYPG,85
1D2K,392,51,WADTDKHYPGDK,GSGAGSGAGSGAGSGAGSGAGSGAGSGAGSGAGSGAGSGAGSGAGSGAGSGAGSGAGSGAGSGAGENLYFQGAWADTDKHYPGDK,85
1D2K,392,53,DTDKHYPGDKWD,GSGAGSGAGSGAGSGAGSGAGSGAGSGAGSGAGSGAGSGAGSGAGSGAGSGAGSGAGSGAGSGAGENLYFQGADTDKHYPGDKWD,85
1D2K,392,55,DKHYPGDKWDEP,GSGAGSGAGSGAGSGAGSGAGSGAGSGAGSGAGSGAGSGAGSGAGSGAGSGAGSGAGSGAGSGAGENLYFQGADKHYPGDKWDEP,85
1D2K,392,57,HYPGDKWDEPGN,GSGAGSGAGSGAGSGAGSGAGSGAGSGAGSGAGSGAGSGAGSGAGSGAGSGAGSGAGSGAGSGAGENLYFQGAHYPGDKWDEPGN,85
1D2K,392,59,PGDKWDEPGNNV,GSGAGSGAGSGAGSGAGSGAGSGAGSGAGSGAGSGAGSGAGSGAGSGAGSGAGSGAGSGAGSGAGENLYFQGAPGDKWDEPGNNV,85
1D2K,392,61,DKWDEPGNNVYG,GSGAGSGAGSGAGSGAGSGAGSGAGSGAGSGAGSGAGSGAGSGAGSGAGSGAGSGAGSGAGSGAGENLYFQGADKWDEPGNNVYG,85
1D2K,392,63,WDEPGNNVYGCI,GSGAGSGAGSGAGSGAGSGAGSGAGSGAGSGAGSGAGSGAGSGAGSGAGSGAGSGAGSGAGSGAGENLYFQGAWDEPGNNVYGCI,85
1D2K,392,65,EPGNNVYGCIKQ,GSGAGSGAGSGAGSGAGSGAGSGAGSGAGSGAGSGAGSGAGSGAGSGAGSGAGSGAGSGAGSGAGENLYFQGAEPGNNVYGCIKQ,85
1D2K,392,67,GNNVYGCIKQMY,GSGAGSGAGSGAGSGAGSGAGSGAGSGAGSGAGSGAGSGAGSGAGSGAGSGAGSGAGSGAGSGAGENLYFQGAGNNVYGCIKQMY,85
1D2K,392,69,NVYGCIKQMYLL,GSGAGSGAGSGAGSGAGSGAGSGAGSGAGSGAGSGAGSGAGSGAGSGAGSGAGSGAGSGAGSGAGENLYFQGANVYGCIKQMYLL,85
1D2K,392,71,YGCIKQMYLLKK,GSGAGSGAGSGAGSGAGSGAGSGAGSGAGSGAGSGAGSGAGSGAGSGAGSGAGSGAGSGAGSGAGENLYFQGAYGCIKQMYLLKK,85
1D2K,392,73,CIKQMYLLKKNN,GSGAGSGAGSGAGSGAGSGAGSGAGSGAGSGAGSGAGSGAGSGAGSGAGSGAGSGAGSGAGSGAGENLYFQGACIKQMYLLKKNN,85
1D2K,392,75,KQMYLLKKNNRN,GSGAGSGAGSGAGSGAGSGAGSGAGSGAGSGAGSGAGSGAGSGAGSGAGSGAGSGAGSGAGSGAGENLYFQGAKQMYLLKKNNRN,85
1D2K,392,77,MYLLKKNNRNLK,GSGAGSGAGSGAGSGAGSGAGSGAGSGAGSGAGSGAGSGAGSGAGSGAGSGAGSGAGSGAGSGAGENLYFQGAMYLLKKNNRNLK,85
1D2K,392,79,LLKKNNRNLKTL,GSGAGSGAGSGAGSGAGSGAGSGAGSGAGSGAGSGAGSGAGSGAGSGAGSGAGSGAGSGAGSGAGENLYFQGALLKKNNRNLKTL,85
1D2K,392,81,KKNNRNLKTLLS,GSGAGSGAGSGAGSGAGSGAGSGAGSGAGSGAGSGAGSGAGSGAGSGAGSGAGSGAGSGAGSGAGENLYFQGAKKNNRNLKTLLS,85
1D2K,392,83,NNRNLKTLLSIG,GSGAGSGAGSGAGSGAGSGAGSGAGSGAGSGAGSGAGSGAGSGAGSGAGSGAGSGAGSGAGSGAGENLYFQGANNRNLKTLLSIG,85
1D2K,392,85,RNLKTLLSIGGW,GSGAGSGAGSGAGSGAGSGAGSGAGSGAGSGAGSGAGSGAGSGAGSGAGSGAGSGAGSGAGSGAGENLYFQGARNLKTLLSIGGW,85
1D2K,392,87,LKTLLSIGGWTY,GSGAGSGAGSGAGSGAGSGAGSGAGSGAGSGAGSGAGSGAGSGAGSGAGSGAGSGAGSGAGSGAGENLYFQGALKTLLSIGGWTY,85
1D2K,392,89,TLLSIGGWTYSP,GSGAGSGAGSGAGSGAGSGAGSGAGSGAGSGAGSGAGSGAGSGAGSGAGSGAGSGAGSGAGSGAGENLYFQGATLLSIGGWTYSP,85
1D2K,392,91,LSIGGWTYSPNF,GSGAGSGAGSGAGSGAGSGAGSGAGSGAGSGAGSGAGSGAGSGAGSGAGSGAGSGAGSGAGSGAGENLYFQGALSIGGWTYSPNF,85
1D2K,392,93,IGGWTYSPNFKT,GSGAGSGAGSGAGSGAGSGAGSGAGSGAGSGAGSGAGSGAGSGAGSGAGSGAGSGAGSGAGSGAGENLYFQGAIGGWTYSPNFKT,85
1D2K,392,95,GWTYSPNFKTPA,GSGAGSGAGSGAGSGAGSGAGSGAGSGAGSGAGSGAGSGAGSGAGSGAGSGAGSGAGSGAGSGAGENLYFQGAGWTYSPNFKTPA,85
1D2K,392,97,TYSPNFKTPAST,GSGAGSGAGSGAGSGAGSGAGSGAGSGAGSGAGSGAGSGAGSGAGSGAGSGAGSGAGSGAGSGAGENLYFQGATYSPNFKTPAST,85
1D2K,392,99,SPNFKTPASTEE,GSGAGSGAGSGAGSGAGSGAGSGAGSGAGSGAGSGAGSGAGSGAGSGAGSGAGSGAGSGAGSGAGENLYFQGASPNFKTPASTEE,85
1D2K,392,101,NFKTPASTEEGR,GSGAGSGAGSGAGSGAGSGAGSGAGSGAGSGAGSGAGSGAGSGAGSGAGSGAGSGAGSGAGSGAGENLYFQGANFKTPASTEEGR,85
1D2K,392,103,KTPASTEEGRKK,GSGAGSGAGSGAGSGAGSGAGSGAGSGAGSGAGSGAGSGAGSGAGSGAGSGAGSGAGSGAGSGAGENLYFQGAKTPASTEEGRKK,85
1D2K,392,105,PASTEEGRKKFA,GSGAGSGAGSGAGSGAGSGAGSGAGSGAGSGAGSGAGSGAGSGAGSGAGSGAGSGAGSGAGSGAGENLYFQGAPASTEEGRKKFA,85
1D2K,392,107,STEEGRKKFADT,GSGAGSGAGSGAGSGAGSGAGSGAGSGAGSGAGSGAGSGAGSGAGSGAGSGAGSGAGSGAGSGAGENLYFQGASTEEGRKKFADT,85
1D2K,392,109,EEGRKKFADTSL,GSGAGSGAGSGAGSGAGSGAGSGAGSGAGSGAGSGAGSGAGSGAGSGAGSGAGSGAGSGAGSGAGENLYFQGAEEGRKKFADTSL,85
1D2K,392,111,GRKKFADTSLKL,GSGAGSGAGSGAGSGAGSGAGSGAGSGAGSGAGSGAGSGAGSGAGSGAGSGAGSGAGSGAGSGAGENLYFQGAGRKKFADTSLKL,85
1D2K,392,113,KKFADTSLKLMK,GSGAGSGAGSGAGSGAGSGAGSGAGSGAGSGAGSGAGSGAGSGAGSGAGSGAGSGAGSGAGSGAGENLYFQGAKKFADTSLKLMK,85
1D2K,392,115,FADTSLKLMKDL,GSGAGSGAGSGAGSGAGSGAGSGAGSGAGSGAGSGAGSGAGSGAGSGAGSGAGSGAGSGAGSGAGENLYFQGAFADTSLKLMKDL,85
1D2K,392,117,DTSLKLMKDLGF,GSGAGSGAGSGAGSGAGSGAGSGAGSGAGSGAGSGAGSGAGSGAGSGAGSGAGSGAGSGAGSGAGENLYFQGADTSLKLMKDLGF,85
1D2K,392,119,SLKLMKDLGFDG,GSGAGSGAGSGAGSGAGSGAGSGAGSGAGSGAGSGAGSGAGSGAGSGAGSGAGSGAGSGAGSGAGENLYFQGASLKLMKDLGFDG,85
1D2K,392,121,KLMKDLGFDGID,GSGAGSGAGSGAGSGAGSGAGSGAGSGAGSGAGSGAGSGAGSGAGSGAGSGAGSGAGSGAGSGAGENLYFQGAKLMKDLGFDGID,85
1D2K,392,123,MKDLGFDGIDID,GSGAGSGAGSGAGSGAGSGAGSGAGSGAGSGAGSGAGSGAGSGAGSGAGSGAGSGAGSGAGSGAGENLYFQGAMKDLGFDGIDID,85
1D2K,392,125,DLGFDGIDIDWE,GSGAGSGAGSGAGSGAGSGAGSGAGSGAGSGAGSGAGSGAGSGAGSGAGSGAGSGAGSGAGSGAGENLYFQGADLGFDGIDIDWE,85
1D2K,392,127,GFDGIDIDWEYP,GSGAGSGAGSGAGSGAGSGAGSGAGSGAGSGAGSGAGSGAGSGAGSGAGSGAGSGAGSGAGSGAGENLYFQGAGFDGIDIDWEYP,85
1D2K,392,129,DGIDIDWEYPED,GSGAGSGAGSGAGSGAGSGAGSGAGSGAGSGAGSGAGSGAGSGAGSGAGSGAGSGAGSGAGSGAGENLYFQGADGIDIDWEYPED,85
1D2K,392,131,IDIDWEYPEDEK,GSGAGSGAGSGAGSGAGSGAGSGAGSGAGSGAGSGAGSGAGSGAGSGAGSGAGSGAGSGAGSGAGENLYFQGAIDIDWEYPEDEK,85
1D2K,392,133,IDWEYPEDEKQA,GSGAGSGAGSGAGSGAGSGAGSGAGSGAGSGAGSGAGSGAGSGAGSGAGSGAGSGAGSGAGSGAGENLYFQGAIDWEYPEDEKQA,85
1D2K,392,135,WEYPEDEKQAND,GSGAGSGAGSGAGSGAGSGAGSGAGSGAGSGAGSGAGSGAGSGAGSGAGSGAGSGAGSGAGSGAGENLYFQGAWEYPEDEKQAND,85
1D2K,392,137,YPEDEKQANDFV,GSGAGSGAGSGAGSGAGSGAGSGAGSGAGSGAGSGAGSGAGSGAGSGAGSGAGSGAGSGAGSGAGENLYFQGAYPEDEKQANDFV,85
1D2K,392,139,EDEKQANDFVLL,GSGAGSGAGSGAGSGAGSGAGSGAGSGAGSGAGSGAGSGAGSGAGSGAGSGAGSGAGSGAGSGAGENLYFQGAEDEKQANDFVLL,85
1D2K,392,141,EKQANDFVLLLK,GSGAGSGAGSGAGSGAGSGAGSGAGSGAGSGAGSGAGSGAGSGAGSGAGSGAGSGAGSGAGSGAGENLYFQGAEKQANDFVLLLK,85
1D2K,392,143,QANDFVLLLKAC,GSGAGSGAGSGAGSGAGSGAGSGAGSGAGSGAGSGAGSGAGSGAGSGAGSGAGSGAGSGAGSGAGENLYFQGAQANDFVLLLKAC,85
1D2K,392,145,NDFVLLLKACRE,GSGAGSGAGSGAGSGAGSGAGSGAGSGAGSGAGSGAGSGAGSGAGSGAGSGAGSGAGSGAGSGAGENLYFQGANDFVLLLKACRE,85
1D2K,392,147,FVLLLKACREAL,GSGAGSGAGSGAGSGAGSGAGSGAGSGAGSGAGSGAGSGAGSGAGSGAGSGAGSGAGSGAGSGAGENLYFQGAFVLLLKACREAL,85
1D2K,392,149,LLLKACREALDA,GSGAGSGAGSGAGSGAGSGAGSGAGSGAGSGAGSGAGSGAGSGAGSGAGSGAGSGAGSGAGSGAGENLYFQGALLLKACREALDA,85
1D2K,392,151,LKACREALDAYS,GSGAGSGAGSGAGSGAGSGAGSGAGSGAGSGAGSGAGSGAGSGAGSGAGSGAGSGAGSGAGSGAGENLYFQGALKACREALDAYS,85
1D2K,392,153,ACREALDAYSAK,GSGAGSGAGSGAGSGAGSGAGSGAGSGAGSGAGSGAGSGAGSGAGSGAGSGAGSGAGSGAGSGAGENLYFQGAACREALDAYSAK,85
1D2K,392,155,REALDAYSAKHP,GSGAGSGAGSGAGSGAGSGAGSGAGSGAGSGAGSGAGSGAGSGAGSGAGSGAGSGAGSGAGSGAGENLYFQGAREALDAYSAKHP,85
1D2K,392,157,ALDAYSAKHPNG,GSGAGSGAGSGAGSGAGSGAGSGAGSGAGSGAGSGAGSGAGSGAGSGAGSGAGSGAGSGAGSGAGENLYFQGAALDAYSAKHPNG,85
1D2K,392,159,DAYSAKHPNGKK,GSGAGSGAGSGAGSGAGSGAGSGAGSGAGSGAGSGAGSGAGSGAGSGAGSGAGSGAGSGAGSGAGENLYFQGADAYSAKHPNGKK,85
1D2K,392,161,YSAKHPNGKKFL,GSGAGSGAGSGAGSGAGSGAGSGAGSGAGSGAGSGAGSGAGSGAGSGAGSGAGSGAGSGAGSGAGENLYFQGAYSAKHPNGKKFL,85
1D2K,392,163,AKHPNGKKFLLT,GSGAGSGAGSGAGSGAGSGAGSGAGSGAGSGAGSGAGSGAGSGAGSGAGSGAGSGAGSGAGSGAGENLYFQGAAKHPNGKKFLLT,85
1D2K,392,165,HPNGKKFLLTIA,GSGAGSGAGSGAGSGAGSGAGSGAGSGAGSGAGSGAGSGAGSGAGSGAGSGAGSGAGSGAGSGAGENLYFQGAHPNGKKFLLTIA,85
1D2K,392,167,NGKKFLLTIASP,GSGAGSGAGSGAGSGAGSGAGSGAGSGAGSGAGSGAGSGAGSGAGSGAGSGAGSGAGSGAGSGAGENLYFQGANGKKFLLTIASP,85
1D2K,392,169,KKFLLTIASPAG,GSGAGSGAGSGAGSGAGSGAGSGAGSGAGSGAGSGAGSGAGSGAGSGAGSGAGSGAGSGAGSGAGENLYFQGAKKFLLTIASPAG,85
1D2K,392,171,FLLTIASPAGPQ,GSGAGSGAGSGAGSGAGSGAGSGAGSGAGSGAGSGAGSGAGSGAGSGAGSGAGSGAGSGAGSGAGENLYFQGAFLLTIASPAGPQ,85
1D2K,392,173,LTIASPAGPQNY,GSGAGSGAGSGAGSGAGSGAGSGAGSGAGSGAGSGAGSGAGSGAGSGAGSGAGSGAGSGAGSGAGENLYFQGALTIASPAGPQNY,85
1D2K,392,175,IASPAGPQNYNK,GSGAGSGAGSGAGSGAGSGAGSGAGSGAGSGAGSGAGSGAGSGAGSGAGSGAGSGAGSGAGSGAGENLYFQGAIASPAGPQNYNK,85
1D2K,392,177,SPAGPQNYNKLK,GSGAGSGAGSGAGSGAGSGAGSGAGSGAGSGAGSGAGSGAGSGAGSGAGSGAGSGAGSGAGSGAGENLYFQGASPAGPQNYNKLK,85
1D2K,392,179,AGPQNYNKLKLA,GSGAGSGAGSGAGSGAGSGAGSGAGSGAGSGAGSGAGSGAGSGAGSGAGSGAGSGAGSGAGSGAGENLYFQGAAGPQNYNKLKLA,85
1D2K,392,181,PQNYNKLKLAEM,GSGAGSGAGSGAGSGAGSGAGSGAGSGAGSGAGSGAGSGAGSGAGSGAGSGAGSGAGSGAGSGAGENLYFQGAPQNYNKLKLAEM,85
1D2K,392,183,NYNKLKLAEMDK,GSGAGSGAGSGAGSGAGSGAGSGAGSGAGSGAGSGAGSGAGSGAGSGAGSGAGSGAGSGAGSGAGENLYFQGANYNKLKLAEMDK,85
1D2K,392,185,NKLKLAEMDKYL,GSGAGSGAGSGAGSGAGSGAGSGAGSGAGSGAGSGAGSGAGSGAGSGAGSGAGSGAGSGAGSGAGENLYFQGANKLKLAEMDKYL,85
1D2K,392,187,LKLAEMDKYLDF,GSGAGSGAGSGAGSGAGSGAGSGAGSGAGSGAGSGAGSGAGSGAGSGAGSGAGSGAGSGAGSGAGENLYFQGALKLAEMDKYLDF,85
1D2K,392,189,LAEMDKYLDFWN,GSGAGSGAGSGAGSGAGSGAGSGAGSGAGSGAGSGAGSGAGSGAGSGAGSGAGSGAGSGAGSGAGENLYFQGALAEMDKYLDFWN,85
1D2K,392,191,EMDKYLDFWNLM,GSGAGSGAGSGAGSGAGSGAGSGAGSGAGSGAGSGAGSGAGSGAGSGAGSGAGSGAGSGAGSGAGENLYFQGAEMDKYLDFWNLM,85
1D2K,392,193,DKYLDFWNLMAY,GSGAGSGAGSGAGSGAGSGAGSGAGSGAGSGAGSGAGSGAGSGAGSGAGSGAGSGAGSGAGSGAGENLYFQGADKYLDFWNLMAY,85
1D2K,392,195,YLDFWNLMAYDF,GSGAGSGAGSGAGSGAGSGAGSGAGSGAGSGAGSGAGSGAGSGAGSGAGSGAGSGAGSGAGSGAGENLYFQGAYLDFWNLMAYDF,85
1D2K,392,197,DFWNLMAYDFSG,GSGAGSGAGSGAGSGAGSGAGSGAGSGAGSGAGSGAGSGAGSGAGSGAGSGAGSGAGSGAGSGAGENLYFQGADFWNLMAYDFSG,85
1D2K,392,199,WNLMAYDFSGSW,GSGAGSGAGSGAGSGAGSGAGSGAGSGAGSGAGSGAGSGAGSGAGSGAGSGAGSGAGSGAGSGAGENLYFQGAWNLMAYDFSGSW,85
1D2K,392,201,LMAYDFSGSWDK,GSGAGSGAGSGAGSGAGSGAGSGAGSGAGSGAGSGAGSGAGSGAGSGAGSGAGSGAGSGAGSGAGENLYFQGALMAYDFSGSWDK,85
1D2K,392,203,AYDFSGSWDKVS,GSGAGSGAGSGAGSGAGSGAGSGAGSGAGSGAGSGAGSGAGSGAGSGAGSGAGSGAGSGAGSGAGENLYFQGAAYDFSGSWDKVS,85
1D2K,392,205,DFSGSWDKVSGH,GSGAGSGAGSGAGSGAGSGAGSGAGSGAGSGAGSGAGSGAGSGAGSGAGSGAGSGAGSGAGSGAGENLYFQGADFSGSWDKVSGH,85
1D2K,392,207,SGSWDKVSGHMS,GSGAGSGAGSGAGSGAGSGAGSGAGSGAGSGAGSGAGSGAGSGAGSGAGSGAGSGAGSGAGSGAGENLYFQGASGSWDKVSGHMS,85
1D2K,392,209,SWDKVSGHMSNV,GSGAGSGAGSGAGSGAGSGAGSGAGSGAGSGAGSGAGSGAGSGAGSGAGSGAGSGAGSGAGSGAGENLYFQGASWDKVSGHMSNV,85
1D2K,392,211,DKVSGHMSNVFP,GSGAGSGAGSGAGSGAGSGAGSGAGSGAGSGAGSGAGSGAGSGAGSGAGSGAGSGAGSGAGSGAGENLYFQGADKVSGHMSNVFP,85
1D2K,392,213,VSGHMSNVFPST,GSGAGSGAGSGAGSGAGSGAGSGAGSGAGSGAGSGAGSGAGSGAGSGAGSGAGSGAGSGAGSGAGENLYFQGAVSGHMSNVFPST,85
1D2K,392,215,GHMSNVFPSTTK,GSGAGSGAGSGAGSGAGSGAGSGAGSGAGSGAGSGAGSGAGSGAGSGAGSGAGSGAGSGAGSGAGENLYFQGAGHMSNVFPSTTK,85
1D2K,392,217,MSNVFPSTTKPE,GSGAGSGAGSGAGSGAGSGAGSGAGSGAGSGAGSGAGSGAGSGAGSGAGSGAGSGAGSGAGSGAGENLYFQGAMSNVFPSTTKPE,85
1D2K,392,219,NVFPSTTKPEST,GSGAGSGAGSGAGSGAGSGAGSGAGSGAGSGAGSGAGSGAGSGAGSGAGSGAGSGAGSGAGSGAGENLYFQGANVFPSTTKPEST,85
1D2K,392,221,FPSTTKPESTPF,GSGAGSGAGSGAGSGAGSGAGSGAGSGAGSGAGSGAGSGAGSGAGSGAGSGAGSGAGSGAGSGAGENLYFQGAFPSTTKPESTPF,85
1D2K,392,223,STTKPESTPFSS,GSGAGSGAGSGAGSGAGSGAGSGAGSGAGSGAGSGAGSGAGSGAGSGAGSGAGSGAGSGAGSGAGENLYFQGASTTKPESTPFSS,85
1D2K,392,225,TKPESTPFSSDK,GSGAGSGAGSGAGSGAGSGAGSGAGSGAGSGAGSGAGSGAGSGAGSGAGSGAGSGAGSGAGSGAGENLYFQGATKPESTPFSSDK,85
1D2K,392,227,PESTPFSSDKAV,GSGAGSGAGSGAGSGAGSGAGSGAGSGAGSGAGSGAGSGAGSGAGSGAGSGAGSGAGSGAGSGAGENLYFQGAPESTPFSSDKAV,85
1D2K,392,229,STPFSSDKAVKD,GSGAGSGAGSGAGSGAGSGAGSGAGSGAGSGAGSGAGSGAGSGAGSGAGSGAGSGAGSGAGSGAGENLYFQGASTPFSSDKAVKD,85
1D2K,392,231,PFSSDKAVKDYI,GSGAGSGAGSGAGSGAGSGAGSGAGSGAGSGAGSGAGSGAGSGAGSGAGSGAGSGAGSGAGSGAGENLYFQGAPFSSDKAVKDYI,85
1D2K,392,233,SSDKAVKDYIKA,GSGAGSGAGSGAGSGAGSGAGSGAGSGAGSGAGSGAGSGAGSGAGSGAGSGAGSGAGSGAGSGAGENLYFQGASSDKAVKDYIKA,85
1D2K,392,235,DKAVKDYIKAGV,GSGAGSGAGSGAGSGAGSGAGSGAGSGAGSGAGSGAGSGAGSGAGSGAGSGAGSGAGSGAGSGAGENLYFQGADKAVKDYIKAGV,85
1D2K,392,237,AVKDYIKAGVPA,GSGAGSGAGSGAGSGAGSGAGSGAGSGAGSGAGSGAGSGAGSGAGSGAGSGAGSGAGSGAGSGAGENLYFQGAAVKDYIKAGVPA,85
1D2K,392,239,KDYIKAGVPANK,GSGAGSGAGSGAGSGAGSGAGSGAGSGAGSGAGSGAGSGAGSGAGSGAGSGAGSGAGSGAGSGAGENLYFQGAKDYIKAGVPANK,85
1D2K,392,241,YIKAGVPANKIV,GSGAGSGAGSGAGSGAGSGAGSGAGSGAGSGAGSGAGSGAGSGAGSGAGSGAGSGAGSGAGSGAGENLYFQGAYIKAGVPANKIV,85
1D2K,392,243,KAGVPANKIVLG,GSGAGSGAGSGAGSGAGSGAGSGAGSGAGSGAGSGAGSGAGSGAGSGAGSGAGSGAGSGAGSGAGENLYFQGAKAGVPANKIVLG,85
1D2K,392,245,GVPANKIVLGMP,GSGAGSGAGSGAGSGAGSGAGSGAGSGAGSGAGSGAGSGAGSGAGSGAGSGAGSGAGSGAGSGAGENLYFQGAGVPANKIVLGMP,85
1D2K,392,247,PANKIVLGMPLY,GSGAGSGAGSGAGSGAGSGAGSGAGSGAGSGAGSGAGSGAGSGAGSGAGSGAGSGAGSGAGSGAGENLYFQGAPANKIVLGMPLY,85
1D2K,392,249,NKIVLGMPLYGR,GSGAGSGAGSGAGSGAGSGAGSGAGSGAGSGAGSGAGSGAGSGAGSGAGSGAGSGAGSGAGSGAGENLYFQGANKIVLGMPLYGR,85
1D2K,392,251,IVLGMPLYGRAF,GSGAGSGAGSGAGSGAGSGAGSGAGSGAGSGAGSGAGSGAGSGAGSGAGSGAGSGAGSGAGSGAGENLYFQGAIVLGMPLYGRAF,85
1D2K,392,253,LGMPLYGRAFAS,GSGAGSGAGSGAGSGAGSGAGSGAGSGAGSGAGSGAGSGAGSGAGSGAGSGAGSGAGSGAGSGAGENLYFQGALGMPLYGRAFAS,85
1D2K,392,255,MPLYGRAFASTD,GSGAGSGAGSGAGSGAGSGAGSGAGSGAGSGAGSGAGSGAGSGAGSGAGSGAGSGAGSGAGSGAGENLYFQGAMPLYGRAFASTD,85
1D2K,392,257,LYGRAFASTDGI,GSGAGSGAGSGAGSGAGSGAGSGAGSGAGSGAGSGAGSGAGSGAGSGAGSGAGSGAGSGAGSGAGENLYFQGALYGRAFASTDGI,85
1D2K,392,259,GRAFASTDGIGT,GSGAGSGAGSGAGSGAGSGAGSGAGSGAGSGAGSGAGSGAGSGAGSGAGSGAGSGAGSGAGSGAGENLYFQGAGRAFASTDGIGT,85
1D2K,392,261,AFASTDGIGTSF,GSGAGSGAGSGAGSGAGSGAGSGAGSGAGSGAGSGAGSGAGSGAGSGAGSGAGSGAGSGAGSGAGENLYFQGAAFASTDGIGTSF,85
1D2K,392,263,ASTDGIGTSFNG,GSGAGSGAGSGAGSGAGSGAGSGAGSGAGSGAGSGAGSGAGSGAGSGAGSGAGSGAGSGAGSGAGENLYFQGAASTDGIGTSFNG,85
1D2K,392,265,TDGIGTSFNGVG,GSGAGSGAGSGAGSGAGSGAGSGAGSGAGSGAGSGAGSGAGSGAGSGAGSGAGSGAGSGAGSGAGENLYFQGATDGIGTSFNGVG,85
1D2K,392,267,GIGTSFNGVGGG,GSGAGSGAGSGAGSGAGSGAGSGAGSGAGSGAGSGAGSGAGSGAGSGAGSGAGSGAGSGAGSGAGENLYFQGAGIGTSFNGVGGG,85
1D2K,392,269,GTSFNGVGGGSW,GSGAGSGAGSGAGSGAGSGAGSGAGSGAGSGAGSGAGSGAGSGAGSGAGSGAGSGAGSGAGSGAGENLYFQGAGTSFNGVGGGSW,85
1D2K,392,271,SFNGVGGGSWEN,GSGAGSGAGSGAGSGAGSGAGSGAGSGAGSGAGSGAGSGAGSGAGSGAGSGAGSGAGSGAGSGAGENLYFQGASFNGVGGGSWEN,85
1D2K,392,273,NGVGGGSWENGV,GSGAGSGAGSGAGSGAGSGAGSGAGSGAGSGAGSGAGSGAGSGAGSGAGSGAGSGAGSGAGSGAGENLYFQGANGVGGGSWENGV,85
1D2K,392,275,VGGGSWENGVWD,GSGAGSGAGSGAGSGAGSGAGSGAGSGAGSGAGSGAGSGAGSGAGSGAGSGAGSGAGSGAGSGAGENLYFQGAVGGGSWENGVWD,85
1D2K,392,277,GGSWENGVWDYK,GSGAGSGAGSGAGSGAGSGAGSGAGSGAGSGAGSGAGSGAGSGAGSGAGSGAGSGAGSGAGSGAGENLYFQGAGGSWENGVWDYK,85
1D2K,392,279,SWENGVWDYKDM,GSGAGSGAGSGAGSGAGSGAGSGAGSGAGSGAGSGAGSGAGSGAGSGAGSGAGSGAGSGAGSGAGENLYFQGASWENGVWDYKDM,85
1D2K,392,281,ENGVWDYKDMPQ,GSGAGSGAGSGAGSGAGSGAGSGAGSGAGSGAGSGAGSGAGSGAGSGAGSGAGSGAGSGAGSGAGENLYFQGAENGVWDYKDMPQ,85
1D2K,392,283,GVWDYKDMPQQG,GSGAGSGAGSGAGSGAGSGAGSGAGSGAGSGAGSGAGSGAGSGAGSGAGSGAGSGAGSGAGSGAGENLYFQGAGVWDYKDMPQQG,85
1D2K,392,285,WDYKDMPQQGAQ,GSGAGSGAGSGAGSGAGSGAGSGAGSGAGSGAGSGAGSGAGSGAGSGAGSGAGSGAGSGAGSGAGENLYFQGAWDYKDMPQQGAQ,85
1D2K,392,287,YKDMPQQGAQVT,GSGAGSGAGSGAGSGAGSGAGSGAGSGAGSGAGSGAGSGAGSGAGSGAGSGAGSGAGSGAGSGAGENLYFQGAYKDMPQQGAQVT,85
1D2K,392,289,DMPQQGAQVTEL,GSGAGSGAGSGAGSGAGSGAGSGAGSGAGSGAGSGAGSGAGSGAGSGAGSGAGSGAGSGAGSGAGENLYFQGADMPQQGAQVTEL,85
1D2K,392,291,PQQGAQVTELED,GSGAGSGAGSGAGSGAGSGAGSGAGSGAGSGAGSGAGSGAGSGAGSGAGSGAGSGAGSGAGSGAGENLYFQGAPQQGAQVTELED,85
1D2K,392,293,QGAQVTELEDIA,GSGAGSGAGSGAGSGAGSGAGSGAGSGAGSGAGSGAGSGAGSGAGSGAGSGAGSGAGSGAGSGAGENLYFQGAQGAQVTELEDIA,85
1D2K,392,295,AQVTELEDIAAS,GSGAGSGAGSGAGSGAGSGAGSGAGSGAGSGAGSGAGSGAGSGAGSGAGSGAGSGAGSGAGSGAGENLYFQGAAQVTELEDIAAS,85
1D2K,392,297,VTELEDIAASYS,GSGAGSGAGSGAGSGAGSGAGSGAGSGAGSGAGSGAGSGAGSGAGSGAGSGAGSGAGSGAGSGAGENLYFQGAVTELEDIAASYS,85
1D2K,392,299,ELEDIAASYSYD,GSGAGSGAGSGAGSGAGSGAGSGAGSGAGSGAGSGAGSGAGSGAGSGAGSGAGSGAGSGAGSGAGENLYFQGAELEDIAASYSYD,85
1D2K,392,301,EDIAASYSYDKN,GSGAGSGAGSGAGSGAGSGAGSGAGSGAGSGAGSGAGSGAGSGAGSGAGSGAGSGAGSGAGSGAGENLYFQGAEDIAASYSYDKN,85
1D2K,392,303,IAASYSYDKNKR,GSGAGSGAGSGAGSGAGSGAGSGAGSGAGSGAGSGAGSGAGSGAGSGAGSGAGSGAGSGAGSGAGENLYFQGAIAASYSYDKNKR,85
1D2K,392,305,ASYSYDKNKRYL,GSGAGSGAGSGAGSGAGSGAGSGAGSGAGSGAGSGAGSGAGSGAGSGAGSGAGSGAGSGAGSGAGENLYFQGAASYSYDKNKRYL,85
1D2K,392,307,YSYDKNKRYLIS,GSGAGSGAGSGAGSGAGSGAGSGAGSGAGSGAGSGAGSGAGSGAGSGAGSGAGSGAGSGAGSGAGENLYFQGAYSYDKNKRYLIS,85
1D2K,392,309,YDKNKRYLISYD,GSGAGSGAGSGAGSGAGSGAGSGAGSGAGSGAGSGAGSGAGSGAGSGAGSGAGSGAGSGAGSGAGENLYFQGAYDKNKRYLISYD,85
1D2K,392,311,KNKRYLISYDTV,GSGAGSGAGSGAGSGAGSGAGSGAGSGAGSGAGSGAGSGAGSGAGSGAGSGAGSGAGSGAGSGAGENLYFQGAKNKRYLISYDTV,85
1D2K,392,313,KRYLISYDTVKI,GSGAGSGAGSGAGSGAGSGAGSGAGSGAGSGAGSGAGSGAGSGAGSGAGSGAGSGAGSGAGSGAGENLYFQGAKRYLISYDTVKI,85
1D2K,392,315,YLISYDTVKIAG,GSGAGSGAGSGAGSGAGSGAGSGAGSGAGSGAGSGAGSGAGSGAGSGAGSGAGSGAGSGAGSGAGENLYFQGAYLISYDTVKIAG,85
1D2K,392,317,ISYDTVKIAGKK,GSGAGSGAGSGAGSGAGSGAGSGAGSGAGSGAGSGAGSGAGSGAGSGAGSGAGSGAGSGAGSGAGENLYFQGAISYDTVKIAGKK,85
1D2K,392,319,YDTVKIAGKKAE,GSGAGSGAGSGAGSGAGSGAGSGAGSGAGSGAGSGAGSGAGSGAGSGAGSGAGSGAGSGAGSGAGENLYFQGAYDTVKIAGKKAE,85
1D2K,392,321,TVKIAGKKAEYI,GSGAGSGAGSGAGSGAGSGAGSGAGSGAGSGAGSGAGSGAGSGAGSGAGSGAGSGAGSGAGSGAGENLYFQGATVKIAGKKAEYI,85
1D2K,392,323,KIAGKKAEYITK,GSGAGSGAGSGAGSGAGSGAGSGAGSGAGSGAGSGAGSGAGSGAGSGAGSGAGSGAGSGAGSGAGENLYFQGAKIAGKKAEYITK,85
1D2K,392,325,AGKKAEYITKNG,GSGAGSGAGSGAGSGAGSGAGSGAGSGAGSGAGSGAGSGAGSGAGSGAGSGAGSGAGSGAGSGAGENLYFQGAAGKKAEYITKNG,85
1D2K,392,327,KKAEYITKNGMG,GSGAGSGAGSGAGSGAGSGAGSGAGSGAGSGAGSGAGSGAGSGAGSGAGSGAGSGAGSGAGSGAGENLYFQGAKKAEYITKNGMG,85
1D2K,392,329,AEYITKNGMGGG,GSGAGSGAGSGAGSGAGSGAGSGAGSGAGSGAGSGAGSGAGSGAGSGAGSGAGSGAGSGAGSGAGENLYFQGAAEYITKNGMGGG,85
1D2K,392,331,YITKNGMGGGMW,GSGAGSGAGSGAGSGAGSGAGSGAGSGAGSGAGSGAGSGAGSGAGSGAGSGAGSGAGSGAGSGAGENLYFQGAYITKNGMGGGMW,85
1D2K,392,333,TKNGMGGGMWWE,GSGAGSGAGSGAGSGAGSGAGSGAGSGAGSGAGSGAGSGAGSGAGSGAGSGAGSGAGSGAGSGAGENLYFQGATKNGMGGGMWWE,85
1D2K,392,335,NGMGGGMWWESS,GSGAGSGAGSGAGSGAGSGAGSGAGSGAGSGAGSGAGSGAGSGAGSGAGSGAGSGAGSGAGSGAGENLYFQGANGMGGGMWWESS,85
1D2K,392,337,MGGGMWWESSSD,GSGAGSGAGSGAGSGAGSGAGSGAGSGAGSGAGSGAGSGAGSGAGSGAGSGAGSGAGSGAGSGAGENLYFQGAMGGGMWWESSSD,85
1D2K,392,339,GGMWWESSSDKT,GSGAGSGAGSGAGSGAGSGAGSGAGSGAGSGAGSGAGSGAGSGAGSGAGSGAGSGAGSGAGSGAGENLYFQGAGGMWWESSSDKT,85
1D2K,392,341,MWWESSSDKTGN,GSGAGSGAGSGAGSGAGSGAGSGAGSGAGSGAGSGAGSGAGSGAGSGAGSGAGSGAGSGAGSGAGENLYFQGAMWWESSSDKTGN,85
1D2K,392,343,WESSSDKTGNES,GSGAGSGAGSGAGSGAGSGAGSGAGSGAGSGAGSGAGSGAGSGAGSGAGSGAGSGAGSGAGSGAGENLYFQGAWESSSDKTGNES,85
1D2K,392,345,SSSDKTGNESLV,GSGAGSGAGSGAGSGAGSGAGSGAGSGAGSGAGSGAGSGAGSGAGSGAGSGAGSGAGSGAGSGAGENLYFQGASSSDKTGNESLV,85
1D2K,392,347,SDKTGNESLVGT,GSGAGSGAGSGAGSGAGSGAGSGAGSGAGSGAGSGAGSGAGSGAGSGAGSGAGSGAGSGAGSGAGENLYFQGASDKTGNESLVGT,85
1D2K,392,349,KTGNESLVGTVV,GSGAGSGAGSGAGSGAGSGAGSGAGSGAGSGAGSGAGSGAGSGAGSGAGSGAGSGAGSGAGSGAGENLYFQGAKTGNESLVGTVV,85
1D2K,392,351,GNESLVGTVVNG,GSGAGSGAGSGAGSGAGSGAGSGAGSGAGSGAGSGAGSGAGSGAGSGAGSGAGSGAGSGAGSGAGENLYFQGAGNESLVGTVVNG,85
1D2K,392,353,ESLVGTVVNGLG,GSGAGSGAGSGAGSGAGSGAGSGAGSGAGSGAGSGAGSGAGSGAGSGAGSGAGSGAGSGAGSGAGENLYFQGAESLVGTVVNGLG,85
1D2K,392,355,LVGTVVNGLGGT,GSGAGSGAGSGAGSGAGSGAGSGAGSGAGSGAGSGAGSGAGSGAGSGAGSGAGSGAGSGAGSGAGENLYFQGALVGTVVNGLGGT,85
1D2K,392,357,GTVVNGLGGTGK,GSGAGSGAGSGAGSGAGSGAGSGAGSGAGSGAGSGAGSGAGSGAGSGAGSGAGSGAGSGAGSGAGENLYFQGAGTVVNGLGGTGK,85
1D2K,392,359,VVNGLGGTGKLE,GSGAGSGAGSGAGSGAGSGAGSGAGSGAGSGAGSGAGSGAGSGAGSGAGSGAGSGAGSGAGSGAGENLYFQGAVVNGLGGTGKLE,85
1D2K,392,361,NGLGGTGKLEQR,GSGAGSGAGSGAGSGAGSGAGSGAGSGAGSGAGSGAGSGAGSGAGSGAGSGAGSGAGSGAGSGAGENLYFQGANGLGGTGKLEQR,85
1D2K,392,363,LGGTGKLEQREN,GSGAGSGAGSGAGSGAGSGAGSGAGSGAGSGAGSGAGSGAGSGAGSGAGSGAGSGAGSGAGSGAGENLYFQGALGGTGKLEQREN,85
1D2K,392,365,GTGKLEQRENEL,GSGAGSGAGSGAGSGAGSGAGSGAGSGAGSGAGSGAGSGAGSGAGSGAGSGAGSGAGSGAGSGAGENLYFQGAGTGKLEQRENEL,85
1D2K,392,367,GKLEQRENELSY,GSGAGSGAGSGAGSGAGSGAGSGAGSGAGSGAGSGAGSGAGSGAGSGAGSGAGSGAGSGAGSGAGENLYFQGAGKLEQRENELSY,85
1D2K,392,369,LEQRENELSYPE,GSGAGSGAGSGAGSGAGSGAGSGAGSGAGSGAGSGAGSGAGSGAGSGAGSGAGSGAGSGAGSGAGENLYFQGALEQRENELSYPE,85
1D2K,392,371,QRENELSYPESV,GSGAGSGAGSGAGSGAGSGAGSGAGSGAGSGAGSGAGSGAGSGAGSGAGSGAGSGAGSGAGSGAGENLYFQGAQRENELSYPESV,85
1D2K,392,373,ENELSYPESVYD,GSGAGSGAGSGAGSGAGSGAGSGAGSGAGSGAGSGAGSGAGSGAGSGAGSGAGSGAGSGAGSGAGENLYFQGAENELSYPESVYD,85
1D2K,392,375,ELSYPESVYDNL,GSGAGSGAGSGAGSGAGSGAGSGAGSGAGSGAGSGAGSGAGSGAGSGAGSGAGSGAGSGAGSGAGENLYFQGAELSYPESVYDNL,85
1D2K,392,377,SYPESVYDNLKN,GSGAGSGAGSGAGSGAGSGAGSGAGSGAGSGAGSGAGSGAGSGAGSGAGSGAGSGAGSGAGSGAGENLYFQGASYPESVYDNLKN,85
1D2K,392,379,PESVYDNLKNGM,GSGAGSGAGSGAGSGAGSGAGSGAGSGAGSGAGSGAGSGAGSGAGSGAGSGAGSGAGSGAGSGAGENLYFQGAPESVYDNLKNGM,85
1D2K,392,381,SVYDNLKNGMPS,GSGAGSGAGSGAGSGAGSGAGSGAGSGAGSGAGSGAGSGAGSGAGSGAGSGAGSGAGSGAGSGAGENLYFQGASVYDNLKNGMPS,85
6M0J,223,1,RVQPTESIVRFP,GSGAGSGAGSGAGSGAGSGAGSGAGSGAGSGAGSGAGSGAGSGAGSGAGSGAGSGAGSGAGSGAGENLYFQGARVQPTESIVRFP,85
6M0J,223,3,QPTESIVRFPNI,GSGAGSGAGSGAGSGAGSGAGSGAGSGAGSGAGSGAGSGAGSGAGSGAGSGAGSGAGSGAGSGAGENLYFQGAQPTESIVRFPNI,85
6M0J,223,5,TESIVRFPNITN,GSGAGSGAGSGAGSGAGSGAGSGAGSGAGSGAGSGAGSGAGSGAGSGAGSGAGSGAGSGAGSGAGENLYFQGATESIVRFPNITN,85
6M0J,223,7,SIVRFPNITNLC,GSGAGSGAGSGAGSGAGSGAGSGAGSGAGSGAGSGAGSGAGSGAGSGAGSGAGSGAGSGAGSGAGENLYFQGASIVRFPNITNLC,85
6M0J,223,9,VRFPNITNLCPF,GSGAGSGAGSGAGSGAGSGAGSGAGSGAGSGAGSGAGSGAGSGAGSGAGSGAGSGAGSGAGSGAGENLYFQGAVRFPNITNLCPF,85
6M0J,223,11,FPNITNLCPFGE,GSGAGSGAGSGAGSGAGSGAGSGAGSGAGSGAGSGAGSGAGSGAGSGAGSGAGSGAGSGAGSGAGENLYFQGAFPNITNLCPFGE,85
6M0J,223,13,NITNLCPFGEVF,GSGAGSGAGSGAGSGAGSGAGSGAGSGAGSGAGSGAGSGAGSGAGSGAGSGAGSGAGSGAGSGAGENLYFQGANITNLCPFGEVF,85
6M0J,223,15,TNLCPFGEVFNA,GSGAGSGAGSGAGSGAGSGAGSGAGSGAGSGAGSGAGSGAGSGAGSGAGSGAGSGAGSGAGSGAGENLYFQGATNLCPFGEVFNA,85
6M0J,223,17,LCPFGEVFNATR,GSGAGSGAGSGAGSGAGSGAGSGAGSGAGSGAGSGAGSGAGSGAGSGAGSGAGSGAGSGAGSGAGENLYFQGALCPFGEVFNATR,85
6M0J,223,19,PFGEVFNATRFA,GSGAGSGAGSGAGSGAGSGAGSGAGSGAGSGAGSGAGSGAGSGAGSGAGSGAGSGAGSGAGSGAGENLYFQGAPFGEVFNATRFA,85
6M0J,223,21,GEVFNATRFASV,GSGAGSGAGSGAGSGAGSGAGSGAGSGAGSGAGSGAGSGAGSGAGSGAGSGAGSGAGSGAGSGAGENLYFQGAGEVFNATRFASV,85
6M0J,223,23,VFNATRFASVYA,GSGAGSGAGSGAGSGAGSGAGSGAGSGAGSGAGSGAGSGAGSGAGSGAGSGAGSGAGSGAGSGAGENLYFQGAVFNATRFASVYA,85
6M0J,223,25,NATRFASVYAWN,GSGAGSGAGSGAGSGAGSGAGSGAGSGAGSGAGSGAGSGAGSGAGSGAGSGAGSGAGSGAGSGAGENLYFQGANATRFASVYAWN,85
6M0J,223,27,TRFASVYAWNRK,GSGAGSGAGSGAGSGAGSGAGSGAGSGAGSGAGSGAGSGAGSGAGSGAGSGAGSGAGSGAGSGAGENLYFQGATRFASVYAWNRK,85
6M0J,223,29,FASVYAWNRKRI,GSGAGSGAGSGAGSGAGSGAGSGAGSGAGSGAGSGAGSGAGSGAGSGAGSGAGSGAGSGAGSGAGENLYFQGAFASVYAWNRKRI,85
6M0J,223,31,SVYAWNRKRISN,GSGAGSGAGSGAGSGAGSGAGSGAGSGAGSGAGSGAGSGAGSGAGSGAGSGAGSGAGSGAGSGAGENLYFQGASVYAWNRKRISN,85
6M0J,223,33,YAWNRKRISNCV,GSGAGSGAGSGAGSGAGSGAGSGAGSGAGSGAGSGAGSGAGSGAGSGAGSGAGSGAGSGAGSGAGENLYFQGAYAWNRKRISNCV,85
6M0J,223,35,WNRKRISNCVAD,GSGAGSGAGSGAGSGAGSGAGSGAGSGAGSGAGSGAGSGAGSGAGSGAGSGAGSGAGSGAGSGAGENLYFQGAWNRKRISNCVAD,85
6M0J,223,37,RKRISNCVADYS,GSGAGSGAGSGAGSGAGSGAGSGAGSGAGSGAGSGAGSGAGSGAGSGAGSGAGSGAGSGAGSGAGENLYFQGARKRISNCVADYS,85
6M0J,223,39,RISNCVADYSVL,GSGAGSGAGSGAGSGAGSGAGSGAGSGAGSGAGSGAGSGAGSGAGSGAGSGAGSGAGSGAGSGAGENLYFQGARISNCVADYSVL,85
6M0J,223,41,SNCVADYSVLYN,GSGAGSGAGSGAGSGAGSGAGSGAGSGAGSGAGSGAGSGAGSGAGSGAGSGAGSGAGSGAGSGAGENLYFQGASNCVADYSVLYN,85
6M0J,223,43,CVADYSVLYNSA,GSGAGSGAGSGAGSGAGSGAGSGAGSGAGSGAGSGAGSGAGSGAGSGAGSGAGSGAGSGAGSGAGENLYFQGACVADYSVLYNSA,85
6M0J,223,45,ADYSVLYNSASF,GSGAGSGAGSGAGSGAGSGAGSGAGSGAGSGAGSGAGSGAGSGAGSGAGSGAGSGAGSGAGSGAGENLYFQGAADYSVLYNSASF,85
6M0J,223,47,YSVLYNSASFST,GSGAGSGAGSGAGSGAGSGAGSGAGSGAGSGAGSGAGSGAGSGAGSGAGSGAGSGAGSGAGSGAGENLYFQGAYSVLYNSASFST,85
6M0J,223,49,VLYNSASFSTFK,GSGAGSGAGSGAGSGAGSGAGSGAGSGAGSGAGSGAGSGAGSGAGSGAGSGAGSGAGSGAGSGAGENLYFQGAVLYNSASFSTFK,85
6M0J,223,51,YNSASFSTFKCY,GSGAGSGAGSGAGSGAGSGAGSGAGSGAGSGAGSGAGSGAGSGAGSGAGSGAGSGAGSGAGSGAGENLYFQGAYNSASFSTFKCY,85
6M0J,223,53,SASFSTFKCYGV,GSGAGSGAGSGAGSGAGSGAGSGAGSGAGSGAGSGAGSGAGSGAGSGAGSGAGSGAGSGAGSGAGENLYFQGASASFSTFKCYGV,85
6M0J,223,55,SFSTFKCYGVSP,GSGAGSGAGSGAGSGAGSGAGSGAGSGAGSGAGSGAGSGAGSGAGSGAGSGAGSGAGSGAGSGAGENLYFQGASFSTFKCYGVSP,85
6M0J,223,57,STFKCYGVSPTK,GSGAGSGAGSGAGSGAGSGAGSGAGSGAGSGAGSGAGSGAGSGAGSGAGSGAGSGAGSGAGSGAGENLYFQGASTFKCYGVSPTK,85
6M0J,223,59,FKCYGVSPTKLN,GSGAGSGAGSGAGSGAGSGAGSGAGSGAGSGAGSGAGSGAGSGAGSGAGSGAGSGAGSGAGSGAGENLYFQGAFKCYGVSPTKLN,85
6M0J,223,61,CYGVSPTKLNDL,GSGAGSGAGSGAGSGAGSGAGSGAGSGAGSGAGSGAGSGAGSGAGSGAGSGAGSGAGSGAGSGAGENLYFQGACYGVSPTKLNDL,85
6M0J,223,63,GVSPTKLNDLCF,GSGAGSGAGSGAGSGAGSGAGSGAGSGAGSGAGSGAGSGAGSGAGSGAGSGAGSGAGSGAGSGAGENLYFQGAGVSPTKLNDLCF,85
6M0J,223,65,SPTKLNDLCFTN,GSGAGSGAGSGAGSGAGSGAGSGAGSGAGSGAGSGAGSGAGSGAGSGAGSGAGSGAGSGAGSGAGENLYFQGASPTKLNDLCFTN,85
6M0J,223,67,TKLNDLCFTNVY,GSGAGSGAGSGAGSGAGSGAGSGAGSGAGSGAGSGAGSGAGSGAGSGAGSGAGSGAGSGAGSGAGENLYFQGATKLNDLCFTNVY,85
6M0J,223,69,LNDLCFTNVYAD,GSGAGSGAGSGAGSGAGSGAGSGAGSGAGSGAGSGAGSGAGSGAGSGAGSGAGSGAGSGAGSGAGENLYFQGALNDLCFTNVYAD,85
6M0J,223,71,DLCFTNVYADSF,GSGAGSGAGSGAGSGAGSGAGSGAGSGAGSGAGSGAGSGAGSGAGSGAGSGAGSGAGSGAGSGAGENLYFQGADLCFTNVYADSF,85
6M0J,223,73,CFTNVYADSFVI,GSGAGSGAGSGAGSGAGSGAGSGAGSGAGSGAGSGAGSGAGSGAGSGAGSGAGSGAGSGAGSGAGENLYFQGACFTNVYADSFVI,85
6M0J,223,75,TNVYADSFVIRG,GSGAGSGAGSGAGSGAGSGAGSGAGSGAGSGAGSGAGSGAGSGAGSGAGSGAGSGAGSGAGSGAGENLYFQGATNVYADSFVIRG,85
6M0J,223,77,VYADSFVIRGDE,GSGAGSGAGSGAGSGAGSGAGSGAGSGAGSGAGSGAGSGAGSGAGSGAGSGAGSGAGSGAGSGAGENLYFQGAVYADSFVIRGDE,85
6M0J,223,79,ADSFVIRGDEVR,GSGAGSGAGSGAGSGAGSGAGSGAGSGAGSGAGSGAGSGAGSGAGSGAGSGAGSGAGSGAGSGAGENLYFQGAADSFVIRGDEVR,85
6M0J,223,81,SFVIRGDEVRQI,GSGAGSGAGSGAGSGAGSGAGSGAGSGAGSGAGSGAGSGAGSGAGSGAGSGAGSGAGSGAGSGAGENLYFQGASFVIRGDEVRQI,85
6M0J,223,83,VIRGDEVRQIAP,GSGAGSGAGSGAGSGAGSGAGSGAGSGAGSGAGSGAGSGAGSGAGSGAGSGAGSGAGSGAGSGAGENLYFQGAVIRGDEVRQIAP,85
6M0J,223,85,RGDEVRQIAPGQ,GSGAGSGAGSGAGSGAGSGAGSGAGSGAGSGAGSGAGSGAGSGAGSGAGSGAGSGAGSGAGSGAGENLYFQGARGDEVRQIAPGQ,85
6M0J,223,87,DEVRQIAPGQTG,GSGAGSGAGSGAGSGAGSGAGSGAGSGAGSGAGSGAGSGAGSGAGSGAGSGAGSGAGSGAGSGAGENLYFQGADEVRQIAPGQTG,85
6M0J,223,89,VRQIAPGQTGKI,GSGAGSGAGSGAGSGAGSGAGSGAGSGAGSGAGSGAGSGAGSGAGSGAGSGAGSGAGSGAGSGAGENLYFQGAVRQIAPGQTGKI,85
6M0J,223,91,QIAPGQTGKIAD,GSGAGSGAGSGAGSGAGSGAGSGAGSGAGSGAGSGAGSGAGSGAGSGAGSGAGSGAGSGAGSGAGENLYFQGAQIAPGQTGKIAD,85
6M0J,223,93,APGQTGKIADYN,GSGAGSGAGSGAGSGAGSGAGSGAGSGAGSGAGSGAGSGAGSGAGSGAGSGAGSGAGSGAGSGAGENLYFQGAAPGQTGKIADYN,85
6M0J,223,95,GQTGKIADYNYK,GSGAGSGAGSGAGSGAGSGAGSGAGSGAGSGAGSGAGSGAGSGAGSGAGSGAGSGAGSGAGSGAGENLYFQGAGQTGKIADYNYK,85
6M0J,223,97,TGKIADYNYKLP,GSGAGSGAGSGAGSGAGSGAGSGAGSGAGSGAGSGAGSGAGSGAGSGAGSGAGSGAGSGAGSGAGENLYFQGATGKIADYNYKLP,85
6M0J,223,99,KIADYNYKLPDD,GSGAGSGAGSGAGSGAGSGAGSGAGSGAGSGAGSGAGSGAGSGAGSGAGSGAGSGAGSGAGSGAGENLYFQGAKIADYNYKLPDD,85
6M0J,223,101,ADYNYKLPDDFT,GSGAGSGAGSGAGSGAGSGAGSGAGSGAGSGAGSGAGSGAGSGAGSGAGSGAGSGAGSGAGSGAGENLYFQGAADYNYKLPDDFT,85
6M0J,223,103,YNYKLPDDFTGC,GSGAGSGAGSGAGSGAGSGAGSGAGSGAGSGAGSGAGSGAGSGAGSGAGSGAGSGAGSGAGSGAGENLYFQGAYNYKLPDDFTGC,85
6M0J,223,105,YKLPDDFTGCVI,GSGAGSGAGSGAGSGAGSGAGSGAGSGAGSGAGSGAGSGAGSGAGSGAGSGAGSGAGSGAGSGAGENLYFQGAYKLPDDFTGCVI,85
6M0J,223,107,LPDDFTGCVIAW,GSGAGSGAGSGAGSGAGSGAGSGAGSGAGSGAGSGAGSGAGSGAGSGAGSGAGSGAGSGAGSGAGENLYFQGALPDDFTGCVIAW,85
6M0J,223,109,DDFTGCVIAWNS,GSGAGSGAGSGAGSGAGSGAGSGAGSGAGSGAGSGAGSGAGSGAGSGAGSGAGSGAGSGAGSGAGENLYFQGADDFTGCVIAWNS,85
6M0J,223,111,FTGCVIAWNSNN,GSGAGSGAGSGAGSGAGSGAGSGAGSGAGSGAGSGAGSGAGSGAGSGAGSGAGSGAGSGAGSGAGENLYFQGAFTGCVIAWNSNN,85
6M0J,223,113,GCVIAWNSNNLD,GSGAGSGAGSGAGSGAGSGAGSGAGSGAGSGAGSGAGSGAGSGAGSGAGSGAGSGAGSGAGSGAGENLYFQGAGCVIAWNSNNLD,85
6M0J,223,115,VIAWNSNNLDSK,GSGAGSGAGSGAGSGAGSGAGSGAGSGAGSGAGSGAGSGAGSGAGSGAGSGAGSGAGSGAGSGAGENLYFQGAVIAWNSNNLDSK,85
6M0J,223,117,AWNSNNLDSKVG,GSGAGSGAGSGAGSGAGSGAGSGAGSGAGSGAGSGAGSGAGSGAGSGAGSGAGSGAGSGAGSGAGENLYFQGAAWNSNNLDSKVG,85
6M0J,223,119,NSNNLDSKVGGN,GSGAGSGAGSGAGSGAGSGAGSGAGSGAGSGAGSGAGSGAGSGAGSGAGSGAGSGAGSGAGSGAGENLYFQGANSNNLDSKVGGN,85
6M0J,223,121,NNLDSKVGGNYN,GSGAGSGAGSGAGSGAGSGAGSGAGSGAGSGAGSGAGSGAGSGAGSGAGSGAGSGAGSGAGSGAGENLYFQGANNLDSKVGGNYN,85
6M0J,223,123,LDSKVGGNYNYL,GSGAGSGAGSGAGSGAGSGAGSGAGSGAGSGAGSGAGSGAGSGAGSGAGSGAGSGAGSGAGSGAGENLYFQGALDSKVGGNYNYL,85
6M0J,223,125,SKVGGNYNYLYR,GSGAGSGAGSGAGSGAGSGAGSGAGSGAGSGAGSGAGSGAGSGAGSGAGSGAGSGAGSGAGSGAGENLYFQGASKVGGNYNYLYR,85
6M0J,223,127,VGGNYNYLYRLF,GSGAGSGAGSGAGSGAGSGAGSGAGSGAGSGAGSGAGSGAGSGAGSGAGSGAGSGAGSGAGSGAGENLYFQGAVGGNYNYLYRLF,85
6M0J,223,129,GNYNYLYRLFRK,GSGAGSGAGSGAGSGAGSGAGSGAGSGAGSGAGSGAGSGAGSGAGSGAGSGAGSGAGSGAGSGAGENLYFQGAGNYNYLYRLFRK,85
6M0J,223,131,YNYLYRLFRKSN,GSGAGSGAGSGAGSGAGSGAGSGAGSGAGSGAGSGAGSGAGSGAGSGAGSGAGSGAGSGAGSGAGENLYFQGAYNYLYRLFRKSN,85
6M0J,223,133,YLYRLFRKSNLK,GSGAGSGAGSGAGSGAGSGAGSGAGSGAGSGAGSGAGSGAGSGAGSGAGSGAGSGAGSGAGSGAGENLYFQGAYLYRLFRKSNLK,85
6M0J,223,135,YRLFRKSNLKPF,GSGAGSGAGSGAGSGAGSGAGSGAGSGAGSGAGSGAGSGAGSGAGSGAGSGAGSGAGSGAGSGAGENLYFQGAYRLFRKSNLKPF,85
6M0J,223,137,LFRKSNLKPFER,GSGAGSGAGSGAGSGAGSGAGSGAGSGAGSGAGSGAGSGAGSGAGSGAGSGAGSGAGSGAGSGAGENLYFQGALFRKSNLKPFER,85
6M0J,223,139,RKSNLKPFERDI,GSGAGSGAGSGAGSGAGSGAGSGAGSGAGSGAGSGAGSGAGSGAGSGAGSGAGSGAGSGAGSGAGENLYFQGARKSNLKPFERDI,85
6M0J,223,141,SNLKPFERDIST,GSGAGSGAGSGAGSGAGSGAGSGAGSGAGSGAGSGAGSGAGSGAGSGAGSGAGSGAGSGAGSGAGENLYFQGASNLKPFERDIST,85
6M0J,223,143,LKPFERDISTEI,GSGAGSGAGSGAGSGAGSGAGSGAGSGAGSGAGSGAGSGAGSGAGSGAGSGAGSGAGSGAGSGAGENLYFQGALKPFERDISTEI,85
6M0J,223,145,PFERDISTEIYQ,GSGAGSGAGSGAGSGAGSGAGSGAGSGAGSGAGSGAGSGAGSGAGSGAGSGAGSGAGSGAGSGAGENLYFQGAPFERDISTEIYQ,85
6M0J,223,147,ERDISTEIYQAG,GSGAGSGAGSGAGSGAGSGAGSGAGSGAGSGAGSGAGSGAGSGAGSGAGSGAGSGAGSGAGSGAGENLYFQGAERDISTEIYQAG,85
6M0J,223,149,DISTEIYQAGST,GSGAGSGAGSGAGSGAGSGAGSGAGSGAGSGAGSGAGSGAGSGAGSGAGSGAGSGAGSGAGSGAGENLYFQGADISTEIYQAGST,85
6M0J,223,151,STEIYQAGSTPC,GSGAGSGAGSGAGSGAGSGAGSGAGSGAGSGAGSGAGSGAGSGAGSGAGSGAGSGAGSGAGSGAGENLYFQGASTEIYQAGSTPC,85
6M0J,223,153,EIYQAGSTPCNG,GSGAGSGAGSGAGSGAGSGAGSGAGSGAGSGAGSGAGSGAGSGAGSGAGSGAGSGAGSGAGSGAGENLYFQGAEIYQAGSTPCNG,85
6M0J,223,155,YQAGSTPCNGVE,GSGAGSGAGSGAGSGAGSGAGSGAGSGAGSGAGSGAGSGAGSGAGSGAGSGAGSGAGSGAGSGAGENLYFQGAYQAGSTPCNGVE,85
6M0J,223,157,AGSTPCNGVEGF,GSGAGSGAGSGAGSGAGSGAGSGAGSGAGSGAGSGAGSGAGSGAGSGAGSGAGSGAGSGAGSGAGENLYFQGAAGSTPCNGVEGF,85
6M0J,223,159,STPCNGVEGFNC,GSGAGSGAGSGAGSGAGSGAGSGAGSGAGSGAGSGAGSGAGSGAGSGAGSGAGSGAGSGAGSGAGENLYFQGASTPCNGVEGFNC,85
6M0J,223,161,PCNGVEGFNCYF,GSGAGSGAGSGAGSGAGSGAGSGAGSGAGSGAGSGAGSGAGSGAGSGAGSGAGSGAGSGAGSGAGENLYFQGAPCNGVEGFNCYF,85
6M0J,223,163,NGVEGFNCYFPL,GSGAGSGAGSGAGSGAGSGAGSGAGSGAGSGAGSGAGSGAGSGAGSGAGSGAGSGAGSGAGSGAGENLYFQGANGVEGFNCYFPL,85
6M0J,223,165,VEGFNCYFPLQS,GSGAGSGAGSGAGSGAGSGAGSGAGSGAGSGAGSGAGSGAGSGAGSGAGSGAGSGAGSGAGSGAGENLYFQGAVEGFNCYFPLQS,85
6M0J,223,167,GFNCYFPLQSYG,GSGAGSGAGSGAGSGAGSGAGSGAGSGAGSGAGSGAGSGAGSGAGSGAGSGAGSGAGSGAGSGAGENLYFQGAGFNCYFPLQSYG,85
6M0J,223,169,NCYFPLQSYGFQ,GSGAGSGAGSGAGSGAGSGAGSGAGSGAGSGAGSGAGSGAGSGAGSGAGSGAGSGAGSGAGSGAGENLYFQGANCYFPLQSYGFQ,85
6M0J,223,171,YFPLQSYGFQPT,GSGAGSGAGSGAGSGAGSGAGSGAGSGAGSGAGSGAGSGAGSGAGSGAGSGAGSGAGSGAGSGAGENLYFQGAYFPLQSYGFQPT,85
6M0J,223,173,PLQSYGFQPTNG,GSGAGSGAGSGAGSGAGSGAGSGAGSGAGSGAGSGAGSGAGSGAGSGAGSGAGSGAGSGAGSGAGENLYFQGAPLQSYGFQPTNG,85
6M0J,223,175,QSYGFQPTNGVG,GSGAGSGAGSGAGSGAGSGAGSGAGSGAGSGAGSGAGSGAGSGAGSGAGSGAGSGAGSGAGSGAGENLYFQGAQSYGFQPTNGVG,85
6M0J,223,177,YGFQPTNGVGYQ,GSGAGSGAGSGAGSGAGSGAGSGAGSGAGSGAGSGAGSGAGSGAGSGAGSGAGSGAGSGAGSGAGENLYFQGAYGFQPTNGVGYQ,85
6M0J,223,179,FQPTNGVGYQPY,GSGAGSGAGSGAGSGAGSGAGSGAGSGAGSGAGSGAGSGAGSGAGSGAGSGAGSGAGSGAGSGAGENLYFQGAFQPTNGVGYQPY,85
6M0J,223,181,PTNGVGYQPYRV,GSGAGSGAGSGAGSGAGSGAGSGAGSGAGSGAGSGAGSGAGSGAGSGAGSGAGSGAGSGAGSGAGENLYFQGAPTNGVGYQPYRV,85
6M0J,223,183,NGVGYQPYRVVV,GSGAGSGAGSGAGSGAGSGAGSGAGSGAGSGAGSGAGSGAGSGAGSGAGSGAGSGAGSGAGSGAGENLYFQGANGVGYQPYRVVV,85
6M0J,223,185,VGYQPYRVVVLS,GSGAGSGAGSGAGSGAGSGAGSGAGSGAGSGAGSGAGSGAGSGAGSGAGSGAGSGAGSGAGSGAGENLYFQGAVGYQPYRVVVLS,85
6M0J,223,187,YQPYRVVVLSFE,GSGAGSGAGSGAGSGAGSGAGSGAGSGAGSGAGSGAGSGAGSGAGSGAGSGAGSGAGSGAGSGAGENLYFQGAYQPYRVVVLSFE,85
6M0J,223,189,PYRVVVLSFELL,GSGAGSGAGSGAGSGAGSGAGSGAGSGAGSGAGSGAGSGAGSGAGSGAGSGAGSGAGSGAGSGAGENLYFQGAPYRVVVLSFELL,85
6M0J,223,191,RVVVLSFELLHA,GSGAGSGAGSGAGSGAGSGAGSGAGSGAGSGAGSGAGSGAGSGAGSGAGSGAGSGAGSGAGSGAGENLYFQGARVVVLSFELLHA,85
6M0J,223,193,VVLSFELLHAPA,GSGAGSGAGSGAGSGAGSGAGSGAGSGAGSGAGSGAGSGAGSGAGSGAGSGAGSGAGSGAGSGAGENLYFQGAVVLSFELLHAPA,85
6M0J,223,195,LSFELLHAPATV,GSGAGSGAGSGAGSGAGSGAGSGAGSGAGSGAGSGAGSGAGSGAGSGAGSGAGSGAGSGAGSGAGENLYFQGALSFELLHAPATV,85
6M0J,223,197,FELLHAPATVCG,GSGAGSGAGSGAGSGAGSGAGSGAGSGAGSGAGSGAGSGAGSGAGSGAGSGAGSGAGSGAGSGAGENLYFQGAFELLHAPATVCG,85
6M0J,223,199,LLHAPATVCGPK,GSGAGSGAGSGAGSGAGSGAGSGAGSGAGSGAGSGAGSGAGSGAGSGAGSGAGSGAGSGAGSGAGENLYFQGALLHAPATVCGPK,85
6M0J,223,201,HAPATVCGPKKS,GSGAGSGAGSGAGSGAGSGAGSGAGSGAGSGAGSGAGSGAGSGAGSGAGSGAGSGAGSGAGSGAGENLYFQGAHAPATVCGPKKS,85
6M0J,223,203,PATVCGPKKSTN,GSGAGSGAGSGAGSGAGSGAGSGAGSGAGSGAGSGAGSGAGSGAGSGAGSGAGSGAGSGAGSGAGENLYFQGAPATVCGPKKSTN,85
6M0J,223,205,TVCGPKKSTNLV,GSGAGSGAGSGAGSGAGSGAGSGAGSGAGSGAGSGAGSGAGSGAGSGAGSGAGSGAGSGAGSGAGENLYFQGATVCGPKKSTNLV,85
6M0J,223,207,CGPKKSTNLVKN,GSGAGSGAGSGAGSGAGSGAGSGAGSGAGSGAGSGAGSGAGSGAGSGAGSGAGSGAGSGAGSGAGENLYFQGACGPKKSTNLVKN,85
6M0J,223,209,PKKSTNLVKNKC,GSGAGSGAGSGAGSGAGSGAGSGAGSGAGSGAGSGAGSGAGSGAGSGAGSGAGSGAGSGAGSGAGENLYFQGAPKKSTNLVKNKC,85
6M0J,223,211,KSTNLVKNKCVN,GSGAGSGAGSGAGSGAGSGAGSGAGSGAGSGAGSGAGSGAGSGAGSGAGSGAGSGAGSGAGSGAGENLYFQGAKSTNLVKNKCVN,85
6M0J,223,212,STNLVKNKCVNF,GSGAGSGAGSGAGSGAGSGAGSGAGSGAGSGAGSGAGSGAGSGAGSGAGSGAGSGAGSGAGSGAGENLYFQGASTNLVKNKCVNF,85
4WAT,402,1,GTDVKNNEDYKN,GSGAGSGAGSGAGSGAGSGAGSGAGSGAGSGAGSGAGSGAGSGAGSGAGSGAGSGAGSGAGSGAGENLYFQGAGTDVKNNEDYKN,85
4WAT,402,3,DVKNNEDYKNVD,GSGAGSGAGSGAGSGAGSGAGSGAGSGAGSGAGSGAGSGAGSGAGSGAGSGAGSGAGSGAGSGAGENLYFQGADVKNNEDYKNVD,85
4WAT,402,5,KNNEDYKNVDYK,GSGAGSGAGSGAGSGAGSGAGSGAGSGAGSGAGSGAGSGAGSGAGSGAGSGAGSGAGSGAGSGAGENLYFQGAKNNEDYKNVDYK,85
4WAT,402,7,NEDYKNVDYKNV,GSGAGSGAGSGAGSGAGSGAGSGAGSGAGSGAGSGAGSGAGSGAGSGAGSGAGSGAGSGAGSGAGENLYFQGANEDYKNVDYKNV,85
4WAT,402,9,DYKNVDYKNVNF,GSGAGSGAGSGAGSGAGSGAGSGAGSGAGSGAGSGAGSGAGSGAGSGAGSGAGSGAGSGAGSGAGENLYFQGADYKNVDYKNVNF,85
4WAT,402,11,KNVDYKNVNFLQ,GSGAGSGAGSGAGSGAGSGAGSGAGSGAGSGAGSGAGSGAGSGAGSGAGSGAGSGAGSGAGSGAGENLYFQGAKNVDYKNVNFLQ,85
4WAT,402,13,VDYKNVNFLQYH,GSGAGSGAGSGAGSGAGSGAGSGAGSGAGSGAGSGAGSGAGSGAGSGAGSGAGSGAGSGAGSGAGENLYFQGAVDYKNVNFLQYH,85
4WAT,402,15,YKNVNFLQYHFK,GSGAGSGAGSGAGSGAGSGAGSGAGSGAGSGAGSGAGSGAGSGAGSGAGSGAGSGAGSGAGSGAGENLYFQGAYKNVNFLQYHFK,85
4WAT,402,17,NVNFLQYHFKEL,GSGAGSGAGSGAGSGAGSGAGSGAGSGAGSGAGSGAGSGAGSGAGSGAGSGAGSGAGSGAGSGAGENLYFQGANVNFLQYHFKEL,85
4WAT,402,19,NFLQYHFKELSN,GSGAGSGAGSGAGSGAGSGAGSGAGSGAGSGAGSGAGSGAGSGAGSGAGSGAGSGAGSGAGSGAGENLYFQGANFLQYHFKELSN,85
4WAT,402,21,LQYHFKELSNYN,GSGAGSGAGSGAGSGAGSGAGSGAGSGAGSGAGSGAGSGAGSGAGSGAGSGAGSGAGSGAGSGAGENLYFQGALQYHFKELSNYN,85
4WAT,402,23,YHFKELSNYNIA,GSGAGSGAGSGAGSGAGSGAGSGAGSGAGSGAGSGAGSGAGSGAGSGAGSGAGSGAGSGAGSGAGENLYFQGAYHFKELSNYNIA,85
4WAT,402,25,FKELSNYNIANS,GSGAGSGAGSGAGSGAGSGAGSGAGSGAGSGAGSGAGSGAGSGAGSGAGSGAGSGAGSGAGSGAGENLYFQGAFKELSNYNIANS,85
4WAT,402,27,ELSNYNIANSID,GSGAGSGAGSGAGSGAGSGAGSGAGSGAGSGAGSGAGSGAGSGAGSGAGSGAGSGAGSGAGSGAGENLYFQGAELSNYNIANSID,85
4WAT,402,29,SNYNIANSIDIL,GSGAGSGAGSGAGSGAGSGAGSGAGSGAGSGAGSGAGSGAGSGAGSGAGSGAGSGAGSGAGSGAGENLYFQGASNYNIANSIDIL,85
4WAT,402,31,YNIANSIDILQE,GSGAGSGAGSGAGSGAGSGAGSGAGSGAGSGAGSGAGSGAGSGAGSGAGSGAGSGAGSGAGSGAGENLYFQGAYNIANSIDILQE,85
4WAT,402,33,IANSIDILQEKE,GSGAGSGAGSGAGSGAGSGAGSGAGSGAGSGAGSGAGSGAGSGAGSGAGSGAGSGAGSGAGSGAGENLYFQGAIANSIDILQEKE,85
4WAT,402,35,NSIDILQEKEGH,GSGAGSGAGSGAGSGAGSGAGSGAGSGAGSGAGSGAGSGAGSGAGSGAGSGAGSGAGSGAGSGAGENLYFQGANSIDILQEKEGH,85
4WAT,402,37,IDILQEKEGHLD,GSGAGSGAGSGAGSGAGSGAGSGAGSGAGSGAGSGAGSGAGSGAGSGAGSGAGSGAGSGAGSGAGENLYFQGAIDILQEKEGHLD,85
4WAT,402,39,ILQEKEGHLDFV,GSGAGSGAGSGAGSGAGSGAGSGAGSGAGSGAGSGAGSGAGSGAGSGAGSGAGSGAGSGAGSGAGENLYFQGAILQEKEGHLDFV,85
4WAT,402,41,QEKEGHLDFVII,GSGAGSGAGSGAGSGAGSGAGSGAGSGAGSGAGSGAGSGAGSGAGSGAGSGAGSGAGSGAGSGAGENLYFQGAQEKEGHLDFVII,85
4WAT,402,43,KEGHLDFVIIPH,GSGAGSGAGSGAGSGAGSGAGSGAGSGAGSGAGSGAGSGAGSGAGSGAGSGAGSGAGSGAGSGAGENLYFQGAKEGHLDFVIIPH,85
4WAT,402,45,GHLDFVIIPHYT,GSGAGSGAGSGAGSGAGSGAGSGAGSGAGSGAGSGAGSGAGSGAGSGAGSGAGSGAGSGAGSGAGENLYFQGAGHLDFVIIPHYT,85
4WAT,402,47,LDFVIIPHYTFL,GSGAGSGAGSGAGSGAGSGAGSGAGSGAGSGAGSGAGSGAGSGAGSGAGSGAGSGAGSGAGSGAGENLYFQGALDFVIIPHYTFL,85
4WAT,402,49,FVIIPHYTFLDY,GSGAGSGAGSGAGSGAGSGAGSGAGSGAGSGAGSGAGSGAGSGAGSGAGSGAGSGAGSGAGSGAGENLYFQGAFVIIPHYTFLDY,85
4WAT,402,51,IIPHYTFLDYYK,GSGAGSGAGSGAGSGAGSGAGSGAGSGAGSGAGSGAGSGAGSGAGSGAGSGAGSGAGSGAGSGAGENLYFQGAIIPHYTFLDYYK,85
4WAT,402,53,PHYTFLDYYKHL,GSGAGSGAGSGAGSGAGSGAGSGAGSGAGSGAGSGAGSGAGSGAGSGAGSGAGSGAGSGAGSGAGENLYFQGAPHYTFLDYYKHL,85
4WAT,402,55,YTFLDYYKHLSY,GSGAGSGAGSGAGSGAGSGAGSGAGSGAGSGAGSGAGSGAGSGAGSGAGSGAGSGAGSGAGSGAGENLYFQGAYTFLDYYKHLSY,85
4WAT,402,57,FLDYYKHLSYNS,GSGAGSGAGSGAGSGAGSGAGSGAGSGAGSGAGSGAGSGAGSGAGSGAGSGAGSGAGSGAGSGAGENLYFQGAFLDYYKHLSYNS,85
4WAT,402,59,DYYKHLSYNSIY,GSGAGSGAGSGAGSGAGSGAGSGAGSGAGSGAGSGAGSGAGSGAGSGAGSGAGSGAGSGAGSGAGENLYFQGADYYKHLSYNSIY,85
4WAT,402,61,YKHLSYNSIYHK,GSGAGSGAGSGAGSGAGSGAGSGAGSGAGSGAGSGAGSGAGSGAGSGAGSGAGSGAGSGAGSGAGENLYFQGAYKHLSYNSIYHK,85
4WAT,402,63,HLSYNSIYHKSS,GSGAGSGAGSGAGSGAGSGAGSGAGSGAGSGAGSGAGSGAGSGAGSGAGSGAGSGAGSGAGSGAGENLYFQGAHLSYNSIYHKSS,85
4WAT,402,65,SYNSIYHKSSTY,GSGAGSGAGSGAGSGAGSGAGSGAGSGAGSGAGSGAGSGAGSGAGSGAGSGAGSGAGSGAGSGAGENLYFQGASYNSIYHKSSTY,85
4WAT,402,67,NSIYHKSSTYGK,GSGAGSGAGSGAGSGAGSGAGSGAGSGAGSGAGSGAGSGAGSGAGSGAGSGAGSGAGSGAGSGAGENLYFQGANSIYHKSSTYGK,85
4WAT,402,69,IYHKSSTYGKCI,GSGAGSGAGSGAGSGAGSGAGSGAGSGAGSGAGSGAGSGAGSGAGSGAGSGAGSGAGSGAGSGAGENLYFQGAIYHKSSTYGKCI,85
4WAT,402,71,HKSSTYGKCIAV,GSGAGSGAGSGAGSGAGSGAGSGAGSGAGSGAGSGAGSGAGSGAGSGAGSGAGSGAGSGAGSGAGENLYFQGAHKSSTYGKCIAV,85
4WAT,402,73,SSTYGKCIAVDA,GSGAGSGAGSGAGSGAGSGAGSGAGSGAGSGAGSGAGSGAGSGAGSGAGSGAGSGAGSGAGSGAGENLYFQGASSTYGKCIAVDA,85
4WAT,402,75,TYGKCIAVDAFI,GSGAGSGAGSGAGSGAGSGAGSGAGSGAGSGAGSGAGSGAGSGAGSGAGSGAGSGAGSGAGSGAGENLYFQGATYGKCIAVDAFI,85
4WAT,402,77,GKCIAVDAFIKK,GSGAGSGAGSGAGSGAGSGAGSGAGSGAGSGAGSGAGSGAGSGAGSGAGSGAGSGAGSGAGSGAGENLYFQGAGKCIAVDAFIKK,85
4WAT,402,79,CIAVDAFIKKIN,GSGAGSGAGSGAGSGAGSGAGSGAGSGAGSGAGSGAGSGAGSGAGSGAGSGAGSGAGSGAGSGAGENLYFQGACIAVDAFIKKIN,85
4WAT,402,81,AVDAFIKKINET,GSGAGSGAGSGAGSGAGSGAGSGAGSGAGSGAGSGAGSGAGSGAGSGAGSGAGSGAGSGAGSGAGENLYFQGAAVDAFIKKINET,85
4WAT,402,83,DAFIKKINETYD,GSGAGSGAGSGAGSGAGSGAGSGAGSGAGSGAGSGAGSGAGSGAGSGAGSGAGSGAGSGAGSGAGENLYFQGADAFIKKINETYD,85
4WAT,402,85,FIKKINETYDKV,GSGAGSGAGSGAGSGAGSGAGSGAGSGAGSGAGSGAGSGAGSGAGSGAGSGAGSGAGSGAGSGAGENLYFQGAFIKKINETYDKV,85
4WAT,402,87,KKINETYDKVKS,GSGAGSGAGSGAGSGAGSGAGSGAGSGAGSGAGSGAGSGAGSGAGSGAGSGAGSGAGSGAGSGAGENLYFQGAKKINETYDKVKS,85
4WAT,402,89,INETYDKVKSKC,GSGAGSGAGSGAGSGAGSGAGSGAGSGAGSGAGSGAGSGAGSGAGSGAGSGAGSGAGSGAGSGAGENLYFQGAINETYDKVKSKC,85
4WAT,402,91,ETYDKVKSKCND,GSGAGSGAGSGAGSGAGSGAGSGAGSGAGSGAGSGAGSGAGSGAGSGAGSGAGSGAGSGAGSGAGENLYFQGAETYDKVKSKCND,85
4WAT,402,93,YDKVKSKCNDIK,GSGAGSGAGSGAGSGAGSGAGSGAGSGAGSGAGSGAGSGAGSGAGSGAGSGAGSGAGSGAGSGAGENLYFQGAYDKVKSKCNDIK,85
4WAT,402,95,KVKSKCNDIKND,GSGAGSGAGSGAGSGAGSGAGSGAGSGAGSGAGSGAGSGAGSGAGSGAGSGAGSGAGSGAGSGAGENLYFQGAKVKSKCNDIKND,85
4WAT,402,97,KSKCNDIKNDLI,GSGAGSGAGSGAGSGAGSGAGSGAGSGAGSGAGSGAGSGAGSGAGSGAGSGAGSGAGSGAGSGAGENLYFQGAKSKCNDIKNDLI,85
4WAT,402,99,KCNDIKNDLIAT,GSGAGSGAGSGAGSGAGSGAGSGAGSGAGSGAGSGAGSGAGSGAGSGAGSGAGSGAGSGAGSGAGENLYFQGAKCNDIKNDLIAT,85
4WAT,402,101,NDIKNDLIATIK,GSGAGSGAGSGAGSGAGSGAGSGAGSGAGSGAGSGAGSGAGSGAGSGAGSGAGSGAGSGAGSGAGENLYFQGANDIKNDLIATIK,85
4WAT,402,103,IKNDLIATIKKL,GSGAGSGAGSGAGSGAGSGAGSGAGSGAGSGAGSGAGSGAGSGAGSGAGSGAGSGAGSGAGSGAGENLYFQGAIKNDLIATIKKL,85
4WAT,402,105,NDLIATIKKLEH,GSGAGSGAGSGAGSGAGSGAGSGAGSGAGSGAGSGAGSGAGSGAGSGAGSGAGSGAGSGAGSGAGENLYFQGANDLIATIKKLEH,85
4WAT,402,107,LIATIKKLEHPY,GSGAGSGAGSGAGSGAGSGAGSGAGSGAGSGAGSGAGSGAGSGAGSGAGSGAGSGAGSGAGSGAGENLYFQGALIATIKKLEHPY,85
4WAT,402,109,ATIKKLEHPYDI,GSGAGSGAGSGAGSGAGSGAGSGAGSGAGSGAGSGAGSGAGSGAGSGAGSGAGSGAGSGAGSGAGENLYFQGAATIKKLEHPYDI,85
4WAT,402,111,IKKLEHPYDINN,GSGAGSGAGSGAGSGAGSGAGSGAGSGAGSGAGSGAGSGAGSGAGSGAGSGAGSGAGSGAGSGAGENLYFQGAIKKLEHPYDINN,85
4WAT,402,113,KLEHPYDINNKN,GSGAGSGAGSGAGSGAGSGAGSGAGSGAGSGAGSGAGSGAGSGAGSGAGSGAGSGAGSGAGSGAGENLYFQGAKLEHPYDINNKN,85
4WAT,402,115,EHPYDINNKNDD,GSGAGSGAGSGAGSGAGSGAGSGAGSGAGSGAGSGAGSGAGSGAGSGAGSGAGSGAGSGAGSGAGENLYFQGAEHPYDINNKNDD,85
4WAT,402,117,PYDINNKNDDSY,GSGAGSGAGSGAGSGAGSGAGSGAGSGAGSGAGSGAGSGAGSGAGSGAGSGAGSGAGSGAGSGAGENLYFQGAPYDINNKNDDSY,85
4WAT,402,119,DINNKNDDSYRY,GSGAGSGAGSGAGSGAGSGAGSGAGSGAGSGAGSGAGSGAGSGAGSGAGSGAGSGAGSGAGSGAGENLYFQGADINNKNDDSYRY,85
4WAT,402,121,NNKNDDSYRYDI,GSGAGSGAGSGAGSGAGSGAGSGAGSGAGSGAGSGAGSGAGSGAGSGAGSGAGSGAGSGAGSGAGENLYFQGANNKNDDSYRYDI,85
4WAT,402,123,KNDDSYRYDISE,GSGAGSGAGSGAGSGAGSGAGSGAGSGAGSGAGSGAGSGAGSGAGSGAGSGAGSGAGSGAGSGAGENLYFQGAKNDDSYRYDISE,85
4WAT,402,125,DDSYRYDISEEI,GSGAGSGAGSGAGSGAGSGAGSGAGSGAGSGAGSGAGSGAGSGAGSGAGSGAGSGAGSGAGSGAGENLYFQGADDSYRYDISEEI,85
4WAT,402,127,SYRYDISEEIDD,GSGAGSGAGSGAGSGAGSGAGSGAGSGAGSGAGSGAGSGAGSGAGSGAGSGAGSGAGSGAGSGAGENLYFQGASYRYDISEEIDD,85
4WAT,402,129,RYDISEEIDDKS,GSGAGSGAGSGAGSGAGSGAGSGAGSGAGSGAGSGAGSGAGSGAGSGAGSGAGSGAGSGAGSGAGENLYFQGARYDISEEIDDKS,85
4WAT,402,131,DISEEIDDKSEE,GSGAGSGAGSGAGSGAGSGAGSGAGSGAGSGAGSGAGSGAGSGAGSGAGSGAGSGAGSGAGSGAGENLYFQGADISEEIDDKSEE,85
4WAT,402,133,SEEIDDKSEETD,GSGAGSGAGSGAGSGAGSGAGSGAGSGAGSGAGSGAGSGAGSGAGSGAGSGAGSGAGSGAGSGAGENLYFQGASEEIDDKSEETD,85
4WAT,402,135,EIDDKSEETDDE,GSGAGSGAGSGAGSGAGSGAGSGAGSGAGSGAGSGAGSGAGSGAGSGAGSGAGSGAGSGAGSGAGENLYFQGAEIDDKSEETDDE,85
4WAT,402,137,DDKSEETDDETE,GSGAGSGAGSGAGSGAGSGAGSGAGSGAGSGAGSGAGSGAGSGAGSGAGSGAGSGAGSGAGSGAGENLYFQGADDKSEETDDETE,85
4WAT,402,139,KSEETDDETEEV,GSGAGSGAGSGAGSGAGSGAGSGAGSGAGSGAGSGAGSGAGSGAGSGAGSGAGSGAGSGAGSGAGENLYFQGAKSEETDDETEEV,85
4WAT,402,141,EETDDETEEVED,GSGAGSGAGSGAGSGAGSGAGSGAGSGAGSGAGSGAGSGAGSGAGSGAGSGAGSGAGSGAGSGAGENLYFQGAEETDDETEEVED,85
4WAT,402,143,TDDETEEVEDSI,GSGAGSGAGSGAGSGAGSGAGSGAGSGAGSGAGSGAGSGAGSGAGSGAGSGAGSGAGSGAGSGAGENLYFQGATDDETEEVEDSI,85
4WAT,402,145,DETEEVEDSIQD,GSGAGSGAGSGAGSGAGSGAGSGAGSGAGSGAGSGAGSGAGSGAGSGAGSGAGSGAGSGAGSGAGENLYFQGADETEEVEDSIQD,85
4WAT,402,147,TEEVEDSIQDTD,GSGAGSGAGSGAGSGAGSGAGSGAGSGAGSGAGSGAGSGAGSGAGSGAGSGAGSGAGSGAGSGAGENLYFQGATEEVEDSIQDTD,85
4WAT,402,149,EVEDSIQDTDSN,GSGAGSGAGSGAGSGAGSGAGSGAGSGAGSGAGSGAGSGAGSGAGSGAGSGAGSGAGSGAGSGAGENLYFQGAEVEDSIQDTDSN,85
4WAT,402,151,EDSIQDTDSNHT,GSGAGSGAGSGAGSGAGSGAGSGAGSGAGSGAGSGAGSGAGSGAGSGAGSGAGSGAGSGAGSGAGENLYFQGAEDSIQDTDSNHT,85
4WAT,402,153,SIQDTDSNHTPS,GSGAGSGAGSGAGSGAGSGAGSGAGSGAGSGAGSGAGSGAGSGAGSGAGSGAGSGAGSGAGSGAGENLYFQGASIQDTDSNHTPS,85
4WAT,402,155,QDTDSNHTPSNK,GSGAGSGAGSGAGSGAGSGAGSGAGSGAGSGAGSGAGSGAGSGAGSGAGSGAGSGAGSGAGSGAGENLYFQGAQDTDSNHTPSNK,85
4WAT,402,157,TDSNHTPSNKKK,GSGAGSGAGSGAGSGAGSGAGSGAGSGAGSGAGSGAGSGAGSGAGSGAGSGAGSGAGSGAGSGAGENLYFQGATDSNHTPSNKKK,85
4WAT,402,159,SNHTPSNKKKND,GSGAGSGAGSGAGSGAGSGAGSGAGSGAGSGAGSGAGSGAGSGAGSGAGSGAGSGAGSGAGSGAGENLYFQGASNHTPSNKKKND,85
4WAT,402,161,HTPSNKKKNDLM,GSGAGSGAGSGAGSGAGSGAGSGAGSGAGSGAGSGAGSGAGSGAGSGAGSGAGSGAGSGAGSGAGENLYFQGAHTPSNKKKNDLM,85
4WAT,402,163,PSNKKKNDLMNR,GSGAGSGAGSGAGSGAGSGAGSGAGSGAGSGAGSGAGSGAGSGAGSGAGSGAGSGAGSGAGSGAGENLYFQGAPSNKKKNDLMNR,85
4WAT,402,165,NKKKNDLMNRTF,GSGAGSGAGSGAGSGAGSGAGSGAGSGAGSGAGSGAGSGAGSGAGSGAGSGAGSGAGSGAGSGAGENLYFQGANKKKNDLMNRTF,85
4WAT,402,167,KKNDLMNRTFKK,GSGAGSGAGSGAGSGAGSGAGSGAGSGAGSGAGSGAGSGAGSGAGSGAGSGAGSGAGSGAGSGAGENLYFQGAKKNDLMNRTFKK,85
4WAT,402,169,NDLMNRTFKKMM,GSGAGSGAGSGAGSGAGSGAGSGAGSGAGSGAGSGAGSGAGSGAGSGAGSGAGSGAGSGAGSGAGENLYFQGANDLMNRTFKKMM,85
4WAT,402,171,LMNRTFKKMMDE,GSGAGSGAGSGAGSGAGSGAGSGAGSGAGSGAGSGAGSGAGSGAGSGAGSGAGSGAGSGAGSGAGENLYFQGALMNRTFKKMMDE,85
4WAT,402,173,NRTFKKMMDEYN,GSGAGSGAGSGAGSGAGSGAGSGAGSGAGSGAGSGAGSGAGSGAGSGAGSGAGSGAGSGAGSGAGENLYFQGANRTFKKMMDEYN,85
4WAT,402,175,TFKKMMDEYNTK,GSGAGSGAGSGAGSGAGSGAGSGAGSGAGSGAGSGAGSGAGSGAGSGAGSGAGSGAGSGAGSGAGENLYFQGATFKKMMDEYNTK,85
4WAT,402,177,KKMMDEYNTKKK,GSGAGSGAGSGAGSGAGSGAGSGAGSGAGSGAGSGAGSGAGSGAGSGAGSGAGSGAGSGAGSGAGENLYFQGAKKMMDEYNTKKK,85
4WAT,402,179,MMDEYNTKKKKL,GSGAGSGAGSGAGSGAGSGAGSGAGSGAGSGAGSGAGSGAGSGAGSGAGSGAGSGAGSGAGSGAGENLYFQGAMMDEYNTKKKKL,85
4WAT,402,181,DEYNTKKKKLIK,GSGAGSGAGSGAGSGAGSGAGSGAGSGAGSGAGSGAGSGAGSGAGSGAGSGAGSGAGSGAGSGAGENLYFQGADEYNTKKKKLIK,85
4WAT,402,183,YNTKKKKLIKCI,GSGAGSGAGSGAGSGAGSGAGSGAGSGAGSGAGSGAGSGAGSGAGSGAGSGAGSGAGSGAGSGAGENLYFQGAYNTKKKKLIKCI,85
4WAT,402,185,TKKKKLIKCIKN,GSGAGSGAGSGAGSGAGSGAGSGAGSGAGSGAGSGAGSGAGSGAGSGAGSGAGSGAGSGAGSGAGENLYFQGATKKKKLIKCIKN,85
4WAT,402,187,KKKLIKCIKNHE,GSGAGSGAGSGAGSGAGSGAGSGAGSGAGSGAGSGAGSGAGSGAGSGAGSGAGSGAGSGAGSGAGENLYFQGAKKKLIKCIKNHE,85
4WAT,402,189,KLIKCIKNHEND,GSGAGSGAGSGAGSGAGSGAGSGAGSGAGSGAGSGAGSGAGSGAGSGAGSGAGSGAGSGAGSGAGENLYFQGAKLIKCIKNHEND,85
4WAT,402,191,IKCIKNHENDFN,GSGAGSGAGSGAGSGAGSGAGSGAGSGAGSGAGSGAGSGAGSGAGSGAGSGAGSGAGSGAGSGAGENLYFQGAIKCIKNHENDFN,85
4WAT,402,193,CIKNHENDFNKI,GSGAGSGAGSGAGSGAGSGAGSGAGSGAGSGAGSGAGSGAGSGAGSGAGSGAGSGAGSGAGSGAGENLYFQGACIKNHENDFNKI,85
4WAT,402,195,KNHENDFNKICM,GSGAGSGAGSGAGSGAGSGAGSGAGSGAGSGAGSGAGSGAGSGAGSGAGSGAGSGAGSGAGSGAGENLYFQGAKNHENDFNKICM,85
4WAT,402,197,HENDFNKICMDM,GSGAGSGAGSGAGSGAGSGAGSGAGSGAGSGAGSGAGSGAGSGAGSGAGSGAGSGAGSGAGSGAGENLYFQGAHENDFNKICMDM,85
4WAT,402,199,NDFNKICMDMKN,GSGAGSGAGSGAGSGAGSGAGSGAGSGAGSGAGSGAGSGAGSGAGSGAGSGAGSGAGSGAGSGAGENLYFQGANDFNKICMDMKN,85
4WAT,402,201,FNKICMDMKNYG,GSGAGSGAGSGAGSGAGSGAGSGAGSGAGSGAGSGAGSGAGSGAGSGAGSGAGSGAGSGAGSGAGENLYFQGAFNKICMDMKNYG,85
4WAT,402,203,KICMDMKNYGTN,GSGAGSGAGSGAGSGAGSGAGSGAGSGAGSGAGSGAGSGAGSGAGSGAGSGAGSGAGSGAGSGAGENLYFQGAKICMDMKNYGTN,85
4WAT,402,205,CMDMKNYGTNLF,GSGAGSGAGSGAGSGAGSGAGSGAGSGAGSGAGSGAGSGAGSGAGSGAGSGAGSGAGSGAGSGAGENLYFQGACMDMKNYGTNLF,85
4WAT,402,207,DMKNYGTNLFEQ,GSGAGSGAGSGAGSGAGSGAGSGAGSGAGSGAGSGAGSGAGSGAGSGAGSGAGSGAGSGAGSGAGENLYFQGADMKNYGTNLFEQ,85
4WAT,402,209,KNYGTNLFEQLS,GSGAGSGAGSGAGSGAGSGAGSGAGSGAGSGAGSGAGSGAGSGAGSGAGSGAGSGAGSGAGSGAGENLYFQGAKNYGTNLFEQLS,85
4WAT,402,211,YGTNLFEQLSCY,GSGAGSGAGSGAGSGAGSGAGSGAGSGAGSGAGSGAGSGAGSGAGSGAGSGAGSGAGSGAGSGAGENLYFQGAYGTNLFEQLSCY,85
4WAT,402,213,TNLFEQLSCYNN,GSGAGSGAGSGAGSGAGSGAGSGAGSGAGSGAGSGAGSGAGSGAGSGAGSGAGSGAGSGAGSGAGENLYFQGATNLFEQLSCYNN,85
4WAT,402,215,LFEQLSCYNNNF,GSGAGSGAGSGAGSGAGSGAGSGAGSGAGSGAGSGAGSGAGSGAGSGAGSGAGSGAGSGAGSGAGENLYFQGALFEQLSCYNNNF,85
4WAT,402,217,EQLSCYNNNFCN,GSGAGSGAGSGAGSGAGSGAGSGAGSGAGSGAGSGAGSGAGSGAGSGAGSGAGSGAGSGAGSGAGENLYFQGAEQLSCYNNNFCN,85
4WAT,402,219,LSCYNNNFCNTN,GSGAGSGAGSGAGSGAGSGAGSGAGSGAGSGAGSGAGSGAGSGAGSGAGSGAGSGAGSGAGSGAGENLYFQGALSCYNNNFCNTN,85
4WAT,402,221,CYNNNFCNTNGI,GSGAGSGAGSGAGSGAGSGAGSGAGSGAGSGAGSGAGSGAGSGAGSGAGSGAGSGAGSGAGSGAGENLYFQGACYNNNFCNTNGI,85
4WAT,402,223,NNNFCNTNGIRY,GSGAGSGAGSGAGSGAGSGAGSGAGSGAGSGAGSGAGSGAGSGAGSGAGSGAGSGAGSGAGSGAGENLYFQGANNNFCNTNGIRY,85
4WAT,402,225,NFCNTNGIRYHY,GSGAGSGAGSGAGSGAGSGAGSGAGSGAGSGAGSGAGSGAGSGAGSGAGSGAGSGAGSGAGSGAGENLYFQGANFCNTNGIRYHY,85
4WAT,402,227,CNTNGIRYHYDE,GSGAGSGAGSGAGSGAGSGAGSGAGSGAGSGAGSGAGSGAGSGAGSGAGSGAGSGAGSGAGSGAGENLYFQGACNTNGIRYHYDE,85
4WAT,402,229,TNGIRYHYDEYI,GSGAGSGAGSGAGSGAGSGAGSGAGSGAGSGAGSGAGSGAGSGAGSGAGSGAGSGAGSGAGSGAGENLYFQGATNGIRYHYDEYI,85
4WAT,402,231,GIRYHYDEYIHK,GSGAGSGAGSGAGSGAGSGAGSGAGSGAGSGAGSGAGSGAGSGAGSGAGSGAGSGAGSGAGSGAGENLYFQGAGIRYHYDEYIHK,85
4WAT,402,233,RYHYDEYIHKLI,GSGAGSGAGSGAGSGAGSGAGSGAGSGAGSGAGSGAGSGAGSGAGSGAGSGAGSGAGSGAGSGAGENLYFQGARYHYDEYIHKLI,85
4WAT,402,235,HYDEYIHKLILS,GSGAGSGAGSGAGSGAGSGAGSGAGSGAGSGAGSGAGSGAGSGAGSGAGSGAGSGAGSGAGSGAGENLYFQGAHYDEYIHKLILS,85
4WAT,402,237,DEYIHKLILSVK,GSGAGSGAGSGAGSGAGSGAGSGAGSGAGSGAGSGAGSGAGSGAGSGAGSGAGSGAGSGAGSGAGENLYFQGADEYIHKLILSVK,85
4WAT,402,239,YIHKLILSVKSK,GSGAGSGAGSGAGSGAGSGAGSGAGSGAGSGAGSGAGSGAGSGAGSGAGSGAGSGAGSGAGSGAGENLYFQGAYIHKLILSVKSK,85
4WAT,402,241,HKLILSVKSKNL,GSGAGSGAGSGAGSGAGSGAGSGAGSGAGSGAGSGAGSGAGSGAGSGAGSGAGSGAGSGAGSGAGENLYFQGAHKLILSVKSKNL,85
4WAT,402,243,LILSVKSKNLNK,GSGAGSGAGSGAGSGAGSGAGSGAGSGAGSGAGSGAGSGAGSGAGSGAGSGAGSGAGSGAGSGAGENLYFQGALILSVKSKNLNK,85
4WAT,402,245,LSVKSKNLNKDL,GSGAGSGAGSGAGSGAGSGAGSGAGSGAGSGAGSGAGSGAGSGAGSGAGSGAGSGAGSGAGSGAGENLYFQGALSVKSKNLNKDL,85
4WAT,402,247,VKSKNLNKDLSD,GSGAGSGAGSGAGSGAGSGAGSGAGSGAGSGAGSGAGSGAGSGAGSGAGSGAGSGAGSGAGSGAGENLYFQGAVKSKNLNKDLSD,85
4WAT,402,249,SKNLNKDLSDMT,GSGAGSGAGSGAGSGAGSGAGSGAGSGAGSGAGSGAGSGAGSGAGSGAGSGAGSGAGSGAGSGAGENLYFQGASKNLNKDLSDMT,85
4WAT,402,251,NLNKDLSDMTNI,GSGAGSGAGSGAGSGAGSGAGSGAGSGAGSGAGSGAGSGAGSGAGSGAGSGAGSGAGSGAGSGAGENLYFQGANLNKDLSDMTNI,85
4WAT,402,253,NKDLSDMTNILQ,GSGAGSGAGSGAGSGAGSGAGSGAGSGAGSGAGSGAGSGAGSGAGSGAGSGAGSGAGSGAGSGAGENLYFQGANKDLSDMTNILQ,85
4WAT,402,255,DLSDMTNILQQS,GSGAGSGAGSGAGSGAGSGAGSGAGSGAGSGAGSGAGSGAGSGAGSGAGSGAGSGAGSGAGSGAGENLYFQGADLSDMTNILQQS,85
4WAT,402,257,SDMTNILQQSEL,GSGAGSGAGSGAGSGAGSGAGSGAGSGAGSGAGSGAGSGAGSGAGSGAGSGAGSGAGSGAGSGAGENLYFQGASDMTNILQQSEL,85
4WAT,402,259,MTNILQQSELLL,GSGAGSGAGSGAGSGAGSGAGSGAGSGAGSGAGSGAGSGAGSGAGSGAGSGAGSGAGSGAGSGAGENLYFQGAMTNILQQSELLL,85
4WAT,402,261,NILQQSELLLTN,GSGAGSGAGSGAGSGAGSGAGSGAGSGAGSGAGSGAGSGAGSGAGSGAGSGAGSGAGSGAGSGAGENLYFQGANILQQSELLLTN,85
4WAT,402,263,LQQSELLLTNLN,GSGAGSGAGSGAGSGAGSGAGSGAGSGAGSGAGSGAGSGAGSGAGSGAGSGAGSGAGSGAGSGAGENLYFQGALQQSELLLTNLN,85
4WAT,402,265,QSELLLTNLNKK,GSGAGSGAGSGAGSGAGSGAGSGAGSGAGSGAGSGAGSGAGSGAGSGAGSGAGSGAGSGAGSGAGENLYFQGAQSELLLTNLNKK,85
4WAT,402,267,ELLLTNLNKKMG,GSGAGSGAGSGAGSGAGSGAGSGAGSGAGSGAGSGAGSGAGSGAGSGAGSGAGSGAGSGAGSGAGENLYFQGAELLLTNLNKKMG,85
4WAT,402,269,LLTNLNKKMGSY,GSGAGSGAGSGAGSGAGSGAGSGAGSGAGSGAGSGAGSGAGSGAGSGAGSGAGSGAGSGAGSGAGENLYFQGALLTNLNKKMGSY,85
4WAT,402,271,TNLNKKMGSYIY,GSGAGSGAGSGAGSGAGSGAGSGAGSGAGSGAGSGAGSGAGSGAGSGAGSGAGSGAGSGAGSGAGENLYFQGATNLNKKMGSYIY,85
4WAT,402,273,LNKKMGSYIYID,GSGAGSGAGSGAGSGAGSGAGSGAGSGAGSGAGSGAGSGAGSGAGSGAGSGAGSGAGSGAGSGAGENLYFQGALNKKMGSYIYID,85
4WAT,402,275,KKMGSYIYIDTI,GSGAGSGAGSGAGSGAGSGAGSGAGSGAGSGAGSGAGSGAGSGAGSGAGSGAGSGAGSGAGSGAGENLYFQGAKKMGSYIYIDTI,85
4WAT,402,277,MGSYIYIDTIKF,GSGAGSGAGSGAGSGAGSGAGSGAGSGAGSGAGSGAGSGAGSGAGSGAGSGAGSGAGSGAGSGAGENLYFQGAMGSYIYIDTIKF,85
4WAT,402,279,SYIYIDTIKFIH,GSGAGSGAGSGAGSGAGSGAGSGAGSGAGSGAGSGAGSGAGSGAGSGAGSGAGSGAGSGAGSGAGENLYFQGASYIYIDTIKFIH,85
4WAT,402,281,IYIDTIKFIHKE,GSGAGSGAGSGAGSGAGSGAGSGAGSGAGSGAGSGAGSGAGSGAGSGAGSGAGSGAGSGAGSGAGENLYFQGAIYIDTIKFIHKE,85
4WAT,402,283,IDTIKFIHKEMK,GSGAGSGAGSGAGSGAGSGAGSGAGSGAGSGAGSGAGSGAGSGAGSGAGSGAGSGAGSGAGSGAGENLYFQGAIDTIKFIHKEMK,85
4WAT,402,285,TIKFIHKEMKHI,GSGAGSGAGSGAGSGAGSGAGSGAGSGAGSGAGSGAGSGAGSGAGSGAGSGAGSGAGSGAGSGAGENLYFQGATIKFIHKEMKHI,85
4WAT,402,287,KFIHKEMKHIFN,GSGAGSGAGSGAGSGAGSGAGSGAGSGAGSGAGSGAGSGAGSGAGSGAGSGAGSGAGSGAGSGAGENLYFQGAKFIHKEMKHIFN,85
4WAT,402,289,IHKEMKHIFNRI,GSGAGSGAGSGAGSGAGSGAGSGAGSGAGSGAGSGAGSGAGSGAGSGAGSGAGSGAGSGAGSGAGENLYFQGAIHKEMKHIFNRI,85
4WAT,402,291,KEMKHIFNRIEY,GSGAGSGAGSGAGSGAGSGAGSGAGSGAGSGAGSGAGSGAGSGAGSGAGSGAGSGAGSGAGSGAGENLYFQGAKEMKHIFNRIEY,85
4WAT,402,293,MKHIFNRIEYHT,GSGAGSGAGSGAGSGAGSGAGSGAGSGAGSGAGSGAGSGAGSGAGSGAGSGAGSGAGSGAGSGAGENLYFQGAMKHIFNRIEYHT,85
4WAT,402,295,HIFNRIEYHTKI,GSGAGSGAGSGAGSGAGSGAGSGAGSGAGSGAGSGAGSGAGSGAGSGAGSGAGSGAGSGAGSGAGENLYFQGAHIFNRIEYHTKI,85
4WAT,402,297,FNRIEYHTKIIN,GSGAGSGAGSGAGSGAGSGAGSGAGSGAGSGAGSGAGSGAGSGAGSGAGSGAGSGAGSGAGSGAGENLYFQGAFNRIEYHTKIIN,85
4WAT,402,299,RIEYHTKIINDK,GSGAGSGAGSGAGSGAGSGAGSGAGSGAGSGAGSGAGSGAGSGAGSGAGSGAGSGAGSGAGSGAGENLYFQGARIEYHTKIINDK,85
4WAT,402,301,EYHTKIINDKTK,GSGAGSGAGSGAGSGAGSGAGSGAGSGAGSGAGSGAGSGAGSGAGSGAGSGAGSGAGSGAGSGAGENLYFQGAEYHTKIINDKTK,85
4WAT,402,303,HTKIINDKTKII,GSGAGSGAGSGAGSGAGSGAGSGAGSGAGSGAGSGAGSGAGSGAGSGAGSGAGSGAGSGAGSGAGENLYFQGAHTKIINDKTKII,85
4WAT,402,305,KIINDKTKIIQD,GSGAGSGAGSGAGSGAGSGAGSGAGSGAGSGAGSGAGSGAGSGAGSGAGSGAGSGAGSGAGSGAGENLYFQGAKIINDKTKIIQD,85
4WAT,402,307,INDKTKIIQDKI,GSGAGSGAGSGAGSGAGSGAGSGAGSGAGSGAGSGAGSGAGSGAGSGAGSGAGSGAGSGAGSGAGENLYFQGAINDKTKIIQDKI,85
4WAT,402,309,DKTKIIQDKIKL,GSGAGSGAGSGAGSGAGSGAGSGAGSGAGSGAGSGAGSGAGSGAGSGAGSGAGSGAGSGAGSGAGENLYFQGADKTKIIQDKIKL,85
4WAT,402,311,TKIIQDKIKLNI,GSGAGSGAGSGAGSGAGSGAGSGAGSGAGSGAGSGAGSGAGSGAGSGAGSGAGSGAGSGAGSGAGENLYFQGATKIIQDKIKLNI,85
4WAT,402,313,IIQDKIKLNIWR,GSGAGSGAGSGAGSGAGSGAGSGAGSGAGSGAGSGAGSGAGSGAGSGAGSGAGSGAGSGAGSGAGENLYFQGAIIQDKIKLNIWR,85
4WAT,402,315,QDKIKLNIWRTF,GSGAGSGAGSGAGSGAGSGAGSGAGSGAGSGAGSGAGSGAGSGAGSGAGSGAGSGAGSGAGSGAGENLYFQGAQDKIKLNIWRTF,85
4WAT,402,317,KIKLNIWRTFQK,GSGAGSGAGSGAGSGAGSGAGSGAGSGAGSGAGSGAGSGAGSGAGSGAGSGAGSGAGSGAGSGAGENLYFQGAKIKLNIWRTFQK,85
4WAT,402,319,KLNIWRTFQKDE,GSGAGSGAGSGAGSGAGSGAGSGAGSGAGSGAGSGAGSGAGSGAGSGAGSGAGSGAGSGAGSGAGENLYFQGAKLNIWRTFQKDE,85
4WAT,402,321,NIWRTFQKDELL,GSGAGSGAGSGAGSGAGSGAGSGAGSGAGSGAGSGAGSGAGSGAGSGAGSGAGSGAGSGAGSGAGENLYFQGANIWRTFQKDELL,85
4WAT,402,323,WRTFQKDELLKR,GSGAGSGAGSGAGSGAGSGAGSGAGSGAGSGAGSGAGSGAGSGAGSGAGSGAGSGAGSGAGSGAGENLYFQGAWRTFQKDELLKR,85
4WAT,402,325,TFQKDELLKRIL,GSGAGSGAGSGAGSGAGSGAGSGAGSGAGSGAGSGAGSGAGSGAGSGAGSGAGSGAGSGAGSGAGENLYFQGATFQKDELLKRIL,85
4WAT,402,327,QKDELLKRILDM,GSGAGSGAGSGAGSGAGSGAGSGAGSGAGSGAGSGAGSGAGSGAGSGAGSGAGSGAGSGAGSGAGENLYFQGAQKDELLKRILDM,85
4WAT,402,329,DELLKRILDMSN,GSGAGSGAGSGAGSGAGSGAGSGAGSGAGSGAGSGAGSGAGSGAGSGAGSGAGSGAGSGAGSGAGENLYFQGADELLKRILDMSN,85
4WAT,402,331,LLKRILDMSNEY,GSGAGSGAGSGAGSGAGSGAGSGAGSGAGSGAGSGAGSGAGSGAGSGAGSGAGSGAGSGAGSGAGENLYFQGALLKRILDMSNEY,85
4WAT,402,333,KRILDMSNEYSL,GSGAGSGAGSGAGSGAGSGAGSGAGSGAGSGAGSGAGSGAGSGAGSGAGSGAGSGAGSGAGSGAGENLYFQGAKRILDMSNEYSL,85
4WAT,402,335,ILDMSNEYSLFI,GSGAGSGAGSGAGSGAGSGAGSGAGSGAGSGAGSGAGSGAGSGAGSGAGSGAGSGAGSGAGSGAGENLYFQGAILDMSNEYSLFI,85
4WAT,402,337,DMSNEYSLFITS,GSGAGSGAGSGAGSGAGSGAGSGAGSGAGSGAGSGAGSGAGSGAGSGAGSGAGSGAGSGAGSGAGENLYFQGADMSNEYSLFITS,85
4WAT,402,339,SNEYSLFITSDH,GSGAGSGAGSGAGSGAGSGAGSGAGSGAGSGAGSGAGSGAGSGAGSGAGSGAGSGAGSGAGSGAGENLYFQGASNEYSLFITSDH,85
4WAT,402,341,EYSLFITSDHLR,GSGAGSGAGSGAGSGAGSGAGSGAGSGAGSGAGSGAGSGAGSGAGSGAGSGAGSGAGSGAGSGAGENLYFQGAEYSLFITSDHLR,85
4WAT,402,343,SLFITSDHLRQM,GSGAGSGAGSGAGSGAGSGAGSGAGSGAGSGAGSGAGSGAGSGAGSGAGSGAGSGAGSGAGSGAGENLYFQGASLFITSDHLRQM,85
4WAT,402,345,FITSDHLRQMLY,GSGAGSGAGSGAGSGAGSGAGSGAGSGAGSGAGSGAGSGAGSGAGSGAGSGAGSGAGSGAGSGAGENLYFQGAFITSDHLRQMLY,85
4WAT,402,347,TSDHLRQMLYNT,GSGAGSGAGSGAGSGAGSGAGSGAGSGAGSGAGSGAGSGAGSGAGSGAGSGAGSGAGSGAGSGAGENLYFQGATSDHLRQMLYNT,85
4WAT,402,349,DHLRQMLYNTFY,GSGAGSGAGSGAGSGAGSGAGSGAGSGAGSGAGSGAGSGAGSGAGSGAGSGAGSGAGSGAGSGAGENLYFQGADHLRQMLYNTFY,85
4WAT,402,351,LRQMLYNTFYSK,GSGAGSGAGSGAGSGAGSGAGSGAGSGAGSGAGSGAGSGAGSGAGSGAGSGAGSGAGSGAGSGAGENLYFQGALRQMLYNTFYSK,85
4WAT,402,353,QMLYNTFYSKEK,GSGAGSGAGSGAGSGAGSGAGSGAGSGAGSGAGSGAGSGAGSGAGSGAGSGAGSGAGSGAGSGAGENLYFQGAQMLYNTFYSKEK,85
4WAT,402,355,LYNTFYSKEKHL,GSGAGSGAGSGAGSGAGSGAGSGAGSGAGSGAGSGAGSGAGSGAGSGAGSGAGSGAGSGAGSGAGENLYFQGALYNTFYSKEKHL,85
4WAT,402,357,NTFYSKEKHLNN,GSGAGSGAGSGAGSGAGSGAGSGAGSGAGSGAGSGAGSGAGSGAGSGAGSGAGSGAGSGAGSGAGENLYFQGANTFYSKEKHLNN,85
4WAT,402,359,FYSKEKHLNNIF,GSGAGSGAGSGAGSGAGSGAGSGAGSGAGSGAGSGAGSGAGSGAGSGAGSGAGSGAGSGAGSGAGENLYFQGAFYSKEKHLNNIF,85
4WAT,402,361,SKEKHLNNIFHH,GSGAGSGAGSGAGSGAGSGAGSGAGSGAGSGAGSGAGSGAGSGAGSGAGSGAGSGAGSGAGSGAGENLYFQGASKEKHLNNIFHH,85
4WAT,402,363,EKHLNNIFHHLI,GSGAGSGAGSGAGSGAGSGAGSGAGSGAGSGAGSGAGSGAGSGAGSGAGSGAGSGAGSGAGSGAGENLYFQGAEKHLNNIFHHLI,85
4WAT,402,365,HLNNIFHHLIYV,GSGAGSGAGSGAGSGAGSGAGSGAGSGAGSGAGSGAGSGAGSGAGSGAGSGAGSGAGSGAGSGAGENLYFQGAHLNNIFHHLIYV,85
4WAT,402,367,NNIFHHLIYVLQ,GSGAGSGAGSGAGSGAGSGAGSGAGSGAGSGAGSGAGSGAGSGAGSGAGSGAGSGAGSGAGSGAGENLYFQGANNIFHHLIYVLQ,85
4WAT,402,369,IFHHLIYVLQMK,GSGAGSGAGSGAGSGAGSGAGSGAGSGAGSGAGSGAGSGAGSGAGSGAGSGAGSGAGSGAGSGAGENLYFQGAIFHHLIYVLQMK,85
4WAT,402,371,HHLIYVLQMKFN,GSGAGSGAGSGAGSGAGSGAGSGAGSGAGSGAGSGAGSGAGSGAGSGAGSGAGSGAGSGAGSGAGENLYFQGAHHLIYVLQMKFN,85
4WAT,402,373,LIYVLQMKFNDV,GSGAGSGAGSGAGSGAGSGAGSGAGSGAGSGAGSGAGSGAGSGAGSGAGSGAGSGAGSGAGSGAGENLYFQGALIYVLQMKFNDV,85
4WAT,402,375,YVLQMKFNDVPI,GSGAGSGAGSGAGSGAGSGAGSGAGSGAGSGAGSGAGSGAGSGAGSGAGSGAGSGAGSGAGSGAGENLYFQGAYVLQMKFNDVPI,85
4WAT,402,377,LQMKFNDVPIKM,GSGAGSGAGSGAGSGAGSGAGSGAGSGAGSGAGSGAGSGAGSGAGSGAGSGAGSGAGSGAGSGAGENLYFQGALQMKFNDVPIKM,85
4WAT,402,379,MKFNDVPIKMEY,GSGAGSGAGSGAGSGAGSGAGSGAGSGAGSGAGSGAGSGAGSGAGSGAGSGAGSGAGSGAGSGAGENLYFQGAMKFNDVPIKMEY,85
4WAT,402,381,FNDVPIKMEYFQ,GSGAGSGAGSGAGSGAGSGAGSGAGSGAGSGAGSGAGSGAGSGAGSGAGSGAGSGAGSGAGSGAGENLYFQGAFNDVPIKMEYFQ,85
4WAT,402,383,DVPIKMEYFQTY,GSGAGSGAGSGAGSGAGSGAGSGAGSGAGSGAGSGAGSGAGSGAGSGAGSGAGSGAGSGAGSGAGENLYFQGADVPIKMEYFQTY,85
4WAT,402,385,PIKMEYFQTYKK,GSGAGSGAGSGAGSGAGSGAGSGAGSGAGSGAGSGAGSGAGSGAGSGAGSGAGSGAGSGAGSGAGENLYFQGAPIKMEYFQTYKK,85
4WAT,402,387,KMEYFQTYKKNK,GSGAGSGAGSGAGSGAGSGAGSGAGSGAGSGAGSGAGSGAGSGAGSGAGSGAGSGAGSGAGSGAGENLYFQGAKMEYFQTYKKNK,85
4WAT,402,389,EYFQTYKKNKPL,GSGAGSGAGSGAGSGAGSGAGSGAGSGAGSGAGSGAGSGAGSGAGSGAGSGAGSGAGSGAGSGAGENLYFQGAEYFQTYKKNKPL,85
4WAT,402,391,FQTYKKNKPLTQ,GSGAGSGAGSGAGSGAGSGAGSGAGSGAGSGAGSGAGSGAGSGAGSGAGSGAGSGAGSGAGSGAGENLYFQGAFQTYKKNKPLTQ,85
