designedSequence,library_member,Target,cognate_ab,is_pass,assay_scaffolded_epitope_id,id
MKLSKEEVYELLKELLEVLSAEEFEKLIALGLPPQQQEIMQHLLEARKLREEGAPEEEIEKYLKEFANKKELSLEELELIREALEKLGYEEAAEIVKEFIEKAK,DP2_0598,7a3t_0P,,True,bbfba8d548e52f710e674c1d6712f013,7a3t_0P
AAAAELARLRAELEEAEARWEHYGQECQKMLETTEPSEETEKLKRMMQLLEELLADESLTEEEIRERVARAMEELQVSPEMQKFFDWALETLLRLKRLRRALAA,DP2_0599,6o9i_0P,6o9i,True,455ce4217b8526c4434ee0b4a5461b7d,6o9i_0P
EEEERLRRLREALERAEKRWEHYGQECQKMLETTEPNEETKKLKAVLELLEELLADESITVEEIRERVEKLKKELKLSPELQKFVDWALETLLEIKRLRRELAA,DP2_0600,6o9i_0P,6o9i,True,bfdb26f9b416d6c2714e6844b84ee9a8,6o9i_0P
ASLAARRAALEARLAAVEARWEHYGQECQKMLETTEPEPELTAFLQEVIELFAKAREADPARREELRDELIALYRARPETQPRADWLAELLAEERAARAALAAL,DP2_0601,6o9i_0P,6o9i,True,900d7c0803a843cec8bdcf38b8489641,6o9i_0P
EEERERELAELRAELAEHLARWEHYGQECQKMLETTEPGSPEYEKAEEMVAKLEELRKALDAPVEEQLAKLEEAIAFFEETDPWLAEILRARLEALRRLAELEA,DP2_0602,6o9i_0P,6o9i,True,688f4f355056ff3904178281d4071d8e,6o9i_0P
SAAREERLAALRAELARAEERWEHYGQECQKMLETTEPKPEDIPKFERLRELLERLAAAPLEEVPAILDEMVEELGLPEEEYEWLRRIVEERRRLLAEIEELER,DP2_0603,6o9i_0P,6o9i,True,1a796be22b1857138b93ef5039bc8f88,6o9i_0P
SAARAAELAALRAALAEAEARWEHYGQECQKMLETTEPRPEDIEKFELLRELLERLAKSPLAEKPAILDEMVERLGLPEEEAEWLRATVAEMAALQARIAALEA,DP2_0604,6o9i_0P,6o9i,True,48a5468fec6377532208a2aeb02d1e63,6o9i_0P
EEEREARLRALRAELAELEARWEHYGQECQKMLETTEPRPEELPRWERLRALLAELAESDLAEKPAIIDRMVEELGIPQEEADWLREIVAGMKRARAEIAALEA,DP2_0605,6o9i_0P,6o9i,True,7d826dedd508d7cf0d8fbb814ed07d69,6o9i_0P
EEARLEALLEELEALRARWEHYGQECQKMLETTEPAKHPALVEELRRLHALLADLIALLRRALATRRPEDLAALLERLRAVLPELPPWLQEVARRTIAVLEALA,DP2_0606,6o9i_0P,6o9i,True,9237ff14336e798e2422879487432b3a,6o9i_0P
AAAERAARAARLAALRERWEHYGQECQKMLETTEPVNEEEVELVEELVELIEETLEELEELDEEEGLELMLEALEKALELEKELGNEWGAELFEEMRAELEELR,DP2_0607,6o9i_0P,6o9i,True,14086105a7d958f6eaf03b84771c53c3,6o9i_0P
AEERRRKLEEEIEKVKERWEHYGQECQKMLETTEPTPEEKETFEELRKLLEEAKEALEKSNEEILEQAKKLYEFFEKTKFLSEEELEWLKEDIEELEELLEELK,DP2_0608,6o9i_0P,6o9i,True,4a3fed2a45c3247349706e09ce71d7a6,6o9i_0P
MARIEEVRAELRALLAELLAEAGVDPEPLMARWEHYGQECQKMLETTEPDPEETPLDLALRALREMLERLLEWERAAGNEAAAAVLERLLAAHEARAAALRAAE,DP2_0609,6o9i_0P,6o9i,True,6664d078761a19c52d59bc1c83745903,6o9i_0P
EEEERRKRREELLKKREELEKRWEHYGQECQKMLETTEPTPETKPLLDRLRAVLEEGLENREELLEALRELSKEIPEFQPLLEWFEKVLEELERVEEELKELEE,DP2_0610,6o9i_0P,6o9i,True,ffd50dbd8169595a867389abf937e40e,6o9i_0P
SAAELAKQKAELEARLDEIAKTVKTQSQLERANLRPCEELLEKAMKNKELKEYAYELIVKRYGEIKLALEQIMENQSDRNNEELKELIEKAKKEYEEEQEKLAA,DP2_0611,8db4_0P,8db4,True,70f52634b265e0c2f80ef57cb47a8836,8db4_0P
ARLAALTARLAAELEALAAELQKLLGPHVEGRKEEVVARLVDHAARLLLEAVAREGLSPEEAAELRAALLDRLQALLDTLGLGVSRAELEARMAAALAALEAEA,DP2_0612,8cz8_1P,8cz8,True,2f201e55ef110763ed8e015eead3645f,8cz8_1P
ARLEELTRRAAEELERRAEELQKLLGPHVEGRKEEVVRELVRHAARLLLELQEREGLSPEDAARVRAALLARLQELLDTLGLGVSREELEALFAEALAEEEARR,DP2_0613,8cz8_1P,8cz8,True,d95122fdab01f2c1036ba6fa598958b7,8cz8_1P
SAAAAERRAKAEAIAAEVQKLLGPHVEGLPAAIAEYLANLDAGVTTPATEATLAFLSSLLDRISALFGTEEEQLEALQLMFDTLGLGVSREDVERLVEAVRAAK,DP2_0614,8cz8_1P,8cz8,True,a484be898b19ea6c603b4d9ab9a2dba0,8cz8_1P
SEKLKNLVFLSLYETERLIQELISYDMDVNKIILTFKITKSKDGSNLVKVKIKVTLITEDGTEYTIEHELNELVPLEDAKKIIEEYKKQIDELYEDFEIEYIIE,DP2_0615,4xwo_5P,,True,52bda76cbf653041399f41630c597a6c,4xwo_5P
MGTLIVEVEVPEDLEEAEKRFFLSLYETERLIQELISYDMDVNKIVFIFILSEDPETYEKQKEVTEKVLEKFKPQIDELYEDFEVTYVIVRSREEAEKIIKELK,DP2_0616,4xwo_5P,,True,fa49bcaa91e39a9ba6e2de5f545347b7,4xwo_5P
SEELNFLSLYETERLIQELISYDMDVNTIVIEKLSTEEVKKKLEEREKNREKILEEKIKRYKETGEKITATLYLSIDNEEDKKIAEEILKQIDELYEDFKIIIK,DP2_0617,4xwo_5P,,True,aaf74b3d215f6d24a66800606d8e3cda,4xwo_5P
SEELNFLSLYETERLIQELISYDMDVNKLVIKFLSTEEVKKELEERKKNRKEILEKLIKEHKETGKEITATLYLSVDNEEDKEIAEEILEQIDELYEDFEIIYE,DP2_0618,4xwo_5P,,True,92713251810ba2f9401e1a6e0a6cd906,4xwo_5P
SKADELIFLSLYETERLIQELISYDMDVNTIIIDVKTGSISYGLAKEYPETPKLKELKEKAEKFEKEIKKLSESIPLEEIKKAVEKILPQIDELYEDFKIIIKE,DP2_0619,4xwo_5P,,True,bfdbd02afab19251b8a330292f2ff484,4xwo_5P
KEKKTIIVRIEGEDKSEESKKKVKEEAFLSLYETERLIQELISYDMDVNTIVYLATNIDKETFEKIKKQIDELYEDFKVYIVKAETKEEMEKALKEIKEELEKE,DP2_0620,4xwo_5P,,True,a1e21cbb4e576240fa3e4dbdc003eeaf,4xwo_5P
SPVVKVEFREIYGKNIVLVRSDGSLEAGFLSLYETERLIQELISYDMDVNTIVWISESQEVLDYFKPQIDELYEDFEKIYTLEKDAEEVLKKLEEEYKKEAEEE,DP2_0621,4xwo_5P,,True,369079ece5c402d5d9dbb2bc3aa7c291,4xwo_5P
KPKVTVEFKEIHGKNIVYVETDGSLEAAFLSLYETERLIQELISYDMDVNTIIWVSESEEVLEYFKPQIDELYEDFEVIYTLKKDKEKVLKELEEKYKKEAEEK,DP2_0622,4xwo_5P,,True,50d32c35da1b9dc46b29974fca07ab90,4xwo_5P
MEEEEEEIEETAKKIVFLSLYETERLIQELISYDMDVNSEELAEILSSTILKLLDELGDEENLEELIEEVLKELEKIKPQIDELYEDFDVDKIMSSVFEKLKKY,DP2_0623,4xwo_5P,,True,e792336ccfa15231a25376d58ce3fa59,4xwo_5P
SKEKEEKIKELAKKIVFLSLYETERLIQELISYDMDVNSEELAEIFYNTILSLLEKLKDKENLPEIIKEVLKELEKIKPQIDELYEDFDVEKIFSEVKKKLKAY,DP2_0624,4xwo_5P,,True,ab017e280936f0b83869e9b69a37ff4f,4xwo_5P
EEKKEEEIKKIAEEIVFLSLYETERLIQELISYDMDVNSEELAEILYNTIKKLIESLNDKENLEKIIEYVLEQLDKIKPQIDELYEDFDVEKMMSEVKKKLKEY,DP2_0625,4xwo_5P,,True,7a88b40f41f0f0a600bc66f2d754767f,4xwo_5P
EAAKKEEIKKTAEEIVFLSLYETERLIQELISYDMDVNTEEVAEILYNTILELIEKLGDEENREEIIEAVLEELEKLRPQIDELYEDFDVEKMMSLVKEKLKEY,DP2_0626,4xwo_5P,,True,a8420b0a306bbcd7e1e1b9fc13afeb61,4xwo_5P
MEAEEEEIEETAEEIVFLSLYETERLIQELISYDMDVNSEELAEIFYETIKKLLEELGDEENLEDIIEAVLEELEEIKPQIDELYEDFDVEYMMKKVKEKLKKY,DP2_0627,4xwo_5P,,True,e4f302d59f3d3515ee7d601ce51c0df1,4xwo_5P
MEAEEEEIEETAKKIVFLSLYETERLIQELISYDMDVNSEELAEILYETILEQIEELEDEENKEEIIKAILEQLEELRPQIDELYEDFDVDYMMETVFKKLEEY,DP2_0628,4xwo_5P,,True,3855b3d35d3913993337f178054e90b8,4xwo_5P
SEEKEKEIKETAKNIVFLSLYETERLIQELISYDMDVNSEELAEIFYNTIKKLLEELKDEENLEKIIEAVLEELEEVRPQIDELYEDFDVEYMMKTVFEKLKKY,DP2_0629,4xwo_5P,,True,ee19d40a7e63f567a8dd22d8cde9f0a7,4xwo_5P
MKVEVFVAKDENGENFVVMYAEEGNEEAVFLSLYETERLIQELISYDMDVNKIYINEEAITEEQKKQIDELYEDFEIKYLSSEEIEKIIEEIKKKKEEEEKKKK,DP2_0630,4xwo_5P,,True,d864dbb7e85c45871aeb84dad500f0c9,4xwo_5P
SEEVINKLIEILKRVRKKYPKPEDKEKAAFLSLYETERLIQELISYDMDVNFILIDKTVTSEEIKKQIDELYEDFEIIEITSTNEESFEKGLEEAREKMLELYE,DP2_0631,4xwo_5P,,True,993de5949cf0b55fb227ba9bc16cd77b,4xwo_5P
MEKELEFLSLYETERLIQELISYDMDVNEIVILNGPVEEAYEKVKKFHEEMRELLKLPVEEIKKKLVEKGEPEGKVTVYILVTSEESRKQIDELYEDFEIIELE,DP2_0632,4xwo_5P,,True,091d9d2b6b21b2270c2782c24be7700f,4xwo_5P
SEEEKLLKELAFLSLYETERLIQELISYDMDVNKLIIVVLKLKGLPTEEKIKLLKETYKKLKEEYKKKGIAVIVVSESQFEEVKKQIDELYEDFEIEVKKIEIE,DP2_0633,4xwo_5P,,True,dfc4509d950139e5639b8c69306719fd,4xwo_5P
KEKIVFSEVKIESSDTLEDIKKKFFLSLYETERLIQELISYDMDVNTIIISIEFASEEKKKLSEPIIKEFKEQIDELYEDFEVIYTETLEEAEKKKKELEEKKK,DP2_0634,4xwo_5P,,True,e4c9731926cf89dd4bedd6d012b2c0b6,4xwo_5P
SKEEEEKLKEIDFLSLYETERLIQELISYDMDVNTIIVYIVDTNPEELEKLRKEIKKENKELAEKGDNSVKIVVHKKNFEEIMKQIDELYEDFKIIIKEIKKKL,DP2_0635,4xwo_5P,,True,0efd26f611f448855f41ba6d26cbf446,4xwo_5P
EKEEKIKKEARELVFLSLYETERLIQELISYDMDVNDEELQKILIEQLTKRVKEALEKLKTEEDKKLFLEAVIEELEEIKPQIDELYEDFDIDWDEIIEKLKEV,DP2_0636,4xwo_5P,,True,132d77f3790abb67ddd2091ab2ef36bb,4xwo_5P
KKEEEIKKEAEEIVFLSLYETERLIQELISYDMDVNDEEFQKILTEKLTKRLKEALEKLKKEEDKKLLLEEVLKELDKYKPQIDELYEDFDIDWEKIKEELKKV,DP2_0637,4xwo_5P,,True,2199113c0aadcf9b8f572d0127ac887b,4xwo_5P
GEVKIEYDEETGAVIVVTSDKEEQAFLSLYETERLIQELISYDMDVNKLIWVIIEEDEEKAKEVAEKFKPQIDELYEDFEVTIRIAKEEDVEKVIKEIKEEWEK,DP2_0638,4xwo_5P,,True,edba85587a5caabfe907b383dcfc0f8c,4xwo_5P
SESGFLSLYETERLIQELISYDMDVNKLIFKREDGKVTIELVVETPDHKMTLSTGKIEGASPEDRVILEKLLKPVAKYLTIPEEDFEELLPQIDELYEDFEIEL,DP2_0639,4xwo_5P,,True,af943f9a63f814fe2fe9b12a5a718e51,4xwo_5P
ALLELEKEALREAVRQERIDLLVTRLGVDVKEADWILEQLSQDGVLERAVELAEAGASQEQILEELEEHPVLRTLKNRAKDPRLVIRTLLEVGRLQRELEEELA,DP2_0640,8jnk_3P,8jnk,True,55a390611111dc2dbe658dcffb570541,8jnk_3P
MEENKERLRAILAELAAKIGEELKALALAFIDSVDVKEADWILEQLSQDQIDPDDEAQLEAHPVLRTLKNRILAMIEDPATAEETATTIIKLFVEAVQKLAAEK,DP2_0641,8jnk_3P,8jnk,True,632e94c2fcfe27c44879d085fe371700,8jnk_3P
SALEEELRRRLAELRAAFEARLRAVLLAAGVDVKEADWILEQLSQDLPALLAALRAGDLEAVLAHPVLRTLKNRNPAAAEAVLALLRELAAEEEALAAERAALA,DP2_0642,8jnk_3P,8jnk,True,d4dbc35d49c979517ef22aa77ba5adf8,8jnk_3P
SALEREYAERRAALLAAFRERLRRVLLEHGVDVKEADWILEQLSQDLPALLAALRAGDLAAVEAHPVLRTLKNRNPEAYEAVLALLRELTEELERLERERAERL,DP2_0643,8jnk_3P,8jnk,True,0483e188c8d495bf68d8ff78842bb3ca,8jnk_3P
AAAARVAALRAAERERRLAVLQEAGVDVKEADWILEQLSQDGVLPTAADLLLEGKEEEAEAYLEEAIATHPVLRTLKNRFPGTREVLRRLVEIEVATRRELAAL,DP2_0644,8jnk_3P,8jnk,True,734ff421e5ea365fd7d0bdb116cf0906,8jnk_3P
SAAAAVAAALEEAFRATLRARLVAAGVDVKEADWILEQLSQDGILAAIRAAYLEGEEAARALIRRLIEEHPVLRTLKNRGIDVEAILLASAAEVRALEAAILAA,DP2_0645,8jnk_3P,8jnk,True,79623ec13a912639baed10777bf68c2d,8jnk_3P
MEQLEEFEKEVKEKVEEIKKAIKAGDKEKALELVKELEEWVLSKINDMPITNDQKKLMSNQVLESVNKLKELIKAGAPKEEILKAVEELEKLLLKMIENIKKSI,DP2_0646,6xxv_0P,6xxv,True,b8c96ebc33e393249a0bf089209fca89,6xxv_0P
KQEQIEKVNKAIDEAKEEINKAIDKSKEEQIKVINEVTKKLLSKINDMPITNDQKKLMSNQVLKTKKELLDYIENEPSSKEEQKKFFNEKFDKLKKEITSLLNS,DP2_0647,6xxv_0P,6xxv,True,704ec80aa5e4703be5e6f21c5a82c79e,6xxv_0P
MEELLEELEEAYEELEEQLKAMLEAGEDEEWIEELREEIEEIYEEVKTGDKEDIKEAIERLEEIKERIKERFKGPRTAQQFHRHKQLIRTLEKLIEILKEMYEK,DP2_0648,5fhx_1P,5fhx,True,e750263fe471a8912bd5cfb56fa0cfab,5fhx_1P
MEELLKEIEELYKKLKEQLKALKEAGEDEEFIEKLEKKLEEIYKKVKEGNKEDLEKALKELEEMIEEIKKRFEQPQTAQQFHRHKQLIRILEEYKKKIEELIKK,DP2_0649,5fhx_1P,5fhx,True,e876596f712e12f17581a940463850f1,5fhx_1P
MEELLEELEELHEELEEQLEALLEAGEDEELIEERRARLEEIYKRVLEGDAEDLEEAIEELRELVEEWEEYAERPLTAQQFHRHKQLIRTLEEYIEVLEELLEE,DP2_0650,5fhx_1P,5fhx,True,819d96e92ba2fd51fbab3375149650c5,5fhx_1P
AAEEEEERRRLRERAEEQIQWLEEEKESLTPEVQELVDRLIELLRRALEEDFPLELLREAREVLEELIKKLKEQGMTAQQFHRHKQLIRFLEEAEEFVRRREEE,DP2_0651,5fhx_1P,5fhx,True,d7fdde4b8441f1dd213ea3e07f84578b,5fhx_1P
AEEEERRELRERIEEQLPWVEEFGEYFKKIDEEAAKIVEELLEEFRRLRERLDDEEAAERALELLEKLEPYFKKQKLTAQQFHRHKQLIRLAKELLRRLKERRA,DP2_0652,5fhx_1P,5fhx,True,1a4869d337e632bf6c7c029b79941975,5fhx_1P
AEEEERRELRERLKEQLPWIEEFGKIAKKEDEEKAKKVEELLEQFRRIIEDLDDEEAVRRAKELLEELQPWFKKLKLTAQQFHRHKQLIRLAEELLERHERKRA,DP2_0653,5fhx_1P,5fhx,True,18ba27ccb6ec92a37f16b6682bb9e87f,5fhx_1P
SEAEEEERLRKEIEEQLPWLRELQQFLAQVDAAAAALAAQALAEFEKIRETLDDREAALAFKALLEQLQPFLEQQPLTAQQFHRHKQLIRLAEELVERLERKAA,DP2_0654,5fhx_1P,5fhx,True,61de3e43e6aa6a0ca576c7d4383ba728,5fhx_1P
SEEEEEKRIKEEIEEQLPWIEEFAEFFKEKDEEAAKKVEELLEQAKIILENLDDLEAIKKALELAKELEPVFEKLKLTAQQFHRHKQLIRLLEKIYKRALEKEK,DP2_0655,5fhx_1P,5fhx,True,e713c53c10702ed9aaf02a00adaa6d5f,5fhx_1P
SELEKKLEELFKELEEQIEALLELLDPESAEKLKALWKKIKEAFEKRDTLENLKKLLELLNELKEFVEEYVATNELTAQQFHRHKQLIRTLEEFKELVEELIKK,DP2_0656,5fhx_1P,5fhx,True,d091103457d6f7573890b54a21351329,5fhx_1P
AAAEEELAKLAAELDEQVAALVALLDPETAAVLRALHARIRAALAQRGTLEAQRALLALLDEMRAFVERYVAEHELTAQQFHRHKQLIRVLDEMRAKVQELIEK,DP2_0657,5fhx_1P,5fhx,True,d3ee661465c8455d0bf6b82fcf928280,5fhx_1P
AELDARLAALRAEWEEQRAALAALDPELAARIEALLEEVEAAAEDPSTFEAVYERALAELERLEAELERRAAEEGLTAQQFHRHKQLIRVTRELLELLREKQKA,DP2_0658,5fhx_1P,5fhx,True,93d1348bb069a5bde605e3da3e2bd8e0,5fhx_1P
AALAAELERLEARLEEQLAALAELDPELAAEIEAILERVRAALEDPATLEAVVAEAEARLAALEAELAERAAAEGLTAQQFHRHKQLIRTTREYIALLRRQAAA,DP2_0659,5fhx_1P,5fhx,True,19e173d01b2e22f4dc3c530740ccec78,5fhx_1P
EELRKRLEELYERLKEQIAALEELTELPEELRALIEELLEKLEELLEDPSEDIDEAIELAEEVKELIEEYVEEHELTAQQFHRHKQLIRTLDELIELLKELKKA,DP2_0660,5fhx_1P,5fhx,True,a804914e30274e8a2130399e7e318e56,5fhx_1P
EELRRELERAVEELREQVAALRELTTLPAELQAALDELLERLEELLRDPSTSIEEAIRLAERVIELVEAHVAANELTAQQFHRHKQLIRTLERLIELLRRLQEA,DP2_0661,5fhx_1P,5fhx,True,89ef702583d77ccc099f7171780fc984,5fhx_1P
SELEEERERLLERAREQVTETTEMLVAHLKEKGLPQEKIDEVKAIYKEFLEGDDETRIEQMEKLIELSEKEFADDPTAQQFHRHKQLIRVLEEMKELKEKIEEE,DP2_0662,5fhx_1P,5fhx,True,534e0577ffe3698414f81ba9d52f95de,5fhx_1P
MEWEEELEKLLKELKEQVEALAKSASPEQQPVVEEIKKLFEEAEKAFKEGKELEEILKLMEEMLKKVLELGKKYTLTAQQFHRHKQLIRTIEKLIKLLKEKIEK,DP2_0663,5fhx_1P,5fhx,True,8614de281e7c23c5b881d41212b3c77e,5fhx_1P
MEKEKKLKELLKKLEEQVEALEKSASEEQKPLVAEIKKKFEEAKKKFEEGAPLEEILKLMKEMLKLVLELEKRYTLTAQQFHRHKQLIRTLEELIKLVEELIAE,DP2_0664,5fhx_1P,5fhx,True,4b572e36da358f4430ffeceddc399cd5,5fhx_1P
LAALEARLAATRAAIEAALARLREQAAALPRYAPLVERLEAKHAAGEPTDATLAEIRQLLAEEAKQPLTAQQFHRHKQLIRTLDELEALLAEQRALEAEIAALR,DP2_0665,5fhx_1P,5fhx,True,3eb24246c79ce856df48a9303033404d,5fhx_1P
MEELEKELKETKKKIEEILKKLEEQAEELPEIKELVEKLKELYKKGESTEEVIKEIRELLEELKKQPLTAQQFHRHKQLIRLLEELEEALKKEKELEKKIEELK,DP2_0666,5fhx_1P,5fhx,True,b876fdd4f4cd21df705ca59d1169554e,5fhx_1P
MEALEEELEEAKERREELLERLEEQAEELPEIRELVEELRELYERGESGEEVLERIRELLEELAKEPLTAQQFHRHKQLIRTLEELEETEERIEELEERIKELE,DP2_0667,5fhx_1P,5fhx,True,86bf9124a108e8ec7b8afe96acae14a3,5fhx_1P
AAAAAEEAALEARRAALEARIAEQRAWLAPDPEALALLDATLAAIRAGDEAAAAAALAALLARLSGPDATAQQFHRHKQLIRLLEEERALVAELRAREEARAAA,DP2_0668,5fhx_1P,5fhx,True,1dd648589997825682d23ea67033ead4,5fhx_1P
MELEEEEEELEEREEELEEEFEEQLESTLALLAELDPEAAEEILALIEAGASRLEILEAMAERLAALPQTAQQFHRHKQLIRLRERLEELEEEKEELEERKEEL,DP2_0669,5fhx_1P,5fhx,True,c0c898e9e8b00fa983b2d4fd020a8c0b,5fhx_1P
SEEEKEEKELEEEREELEKRLEEQLPVIQEFLASAGIDISLEEIRARIKAGELAELRALLEEIAAKQKLTAQQFHRHKQLIRLLDELEEFREREKRREEERKKK,DP2_0670,5fhx_1P,5fhx,True,53aff518967ea347b23df586d9b82779,5fhx_1P
REARREALREQLRARLAEQRPWILEFAEFTGNEELREVAEELERLLAEGGPYEEQLEAARKLLELILEESKKVTLTAQQFHRHKQLIRDLEEMIEVLEELIAEE,DP2_0671,5fhx_1P,5fhx,True,e8834e053e288349dbe32c3176a501f9,5fhx_1P
KEKEIEEIKKRIKERLEEQLPWFEEFAKYTGNEELLTTLKKLVEALEKGAPYEEQLKLAEEALKLLLEESKKVKLTAQQFHRHKQLIRTLEEIIEELRRLIEEE,DP2_0672,5fhx_1P,5fhx,True,cfd44afae909b7d08701efaa002fbed6,5fhx_1P
AAAEVAALRAQLRADFAEQAPAIRELAEFYGNQALLDAAAALGALLEAGGAPADQLAAVRELLKLLLELSQKHTLTAQQFHRHKQLIRNLEAQAAALEALIAAA,DP2_0673,5fhx_1P,5fhx,True,63192e33985ceb311b0b3c30c7cc9cb9,5fhx_1P
ELAALLARLAAVEARLKEQLDAAIALGLEPVAELRAEREALKAETAGLPLPERLAAERAFIEAAIARLEALGPGLTAQQFHRHKQLIRVLQEYGEVLAALLELL,DP2_0674,5fhx_1P,5fhx,True,602dabc8af0b411c57a0599a679a5c82,5fhx_1P
AEEEEREKEQLEAAEKDMEALLKQVKADKSMPEEVKKEFEELYKEFKALQERAKADPSTREQDRLEMLKVTVKALEIAKELGILTAQQFHRHKQLIRYLEEKEK,DP2_0675,5fhx_1P,5fhx,True,240609dc4dfea10425e02be8ca5efc2e,5fhx_1P
EEEEREREEQLRAAEEDMRAILEQVRADSSAPEEVRRRVEELYREFLELKRLAEEDPERREEYRLRQLEVTVEALDLAIELGWATAQQFHRHKQLIRYLERLAA,DP2_0676,5fhx_1P,5fhx,True,4d7c5f6899537ee7ec946658738ec3bf,5fhx_1P
EEEEEEEREQLEAARETMEELLERVEADASMPEEVRERVRRLHEEFERLEEKEEEDPENREEYRLRRLEVTVEALELAEELGILTAQQFHRHKQLIRYLEEKRK,DP2_0677,5fhx_1P,5fhx,True,594e9385458303aa76e51e752230b705,5fhx_1P
SAELEELLEQADAALELAEFYAEQLRRLVEEGDERAAPLLAELEAGIAALRAARAAGDVEALIALLGRLLELLEEVLPLIEEELTAQQFHRHKQLIRWRAEQEE,DP2_0678,5fhx_1P,5fhx,True,259d4f8a52fac0c833c77613c7a1701d,5fhx_1P
SERRKIRQELLELIKEILKKVLEELKEELSEEEKKELEEQLEAAEELLEAEELTAQQFHRHKQLIRFTEKILKKAKEKVKSDEEKLKEWEEIEEKFKEAIEKYK,DP2_0679,5fhx_1P,5fhx,True,782c794350ef2a46a20efb6d5d8ff7d6,5fhx_1P
EERRRIRRELLELLLRIFRLILEELRDKLSPEELALLEEQLAAAEELLKAEEWTAQQFHRHKQLIRLAREFLDRWLAIVASNPELRARAEALRREFEEAVRRYE,DP2_0680,5fhx_1P,5fhx,True,018b6ffd793126b27de99e904247c8fe,5fhx_1P
EEEREELLERLDEQLEAYAEDLAQLEAEEGGPEAELFAAVRELVEEVREAKDDPEKLLELLKKLREAVLELRERFAERFTAQQFHRHKQLIRTAEEAIEYLEEE,DP2_0681,5fhx_1P,5fhx,True,4bf27d8493b363bbc04b6e467a1034ec,5fhx_1P
EEEREQLREELLEQITSYLELLAKQSASLSPLQKELAASLEELKALLEDPSTTDEELLEQAKRTLELAKKVLEAESAKLTAQQFHRHKQLIRILEEYIEFLEEE,DP2_0682,5fhx_1P,5fhx,True,aa938e11cd020189b964a8d26b2b8621,5fhx_1P
SEEFEALLAELREQLTSYLELLEEQSAELSPLQKELAEAIRRLLELLDDPSTTLEELLAAAKELLALSEKVLAEESEKLTAQQFHRHKQLIRILKRFIEYLEAL,DP2_0683,5fhx_1P,5fhx,True,7c9fbf684f860d9e118f7a416e05d2e0,5fhx_1P
SAAQQQLQQQLQEQLQAVQDFLAAFEAAGDAEAAALAQQALDLLQQMIQQVPQGIQLETVQQLLALWEALEPRFEALGPTAQQFHRHKQLIRFLEELGAQIQAA,DP2_0684,5fhx_1P,5fhx,True,c124ca96a969bec403d2dea25789f3e7,5fhx_1P
MKEKEELKKELEEQLEALEELLEAFRAAGDEEAAKLAEEALRLFKKMIEDVEKGIKLEEVEELLELLKRLEPRFQALGPTAQQFHRHKQLIRFTEELKEKIEKK,DP2_0685,5fhx_1P,5fhx,True,a903d810fca55f5bf6a751a5ceff984e,5fhx_1P
EEEVEKLKEELEEQLEALEEFLAAAEAAGDEETAEKWQEAIELMKEMIEKAEEGIELELVKELLELLEETEPAFEALGPTAQQFHRHKQLIRFVEELAKRIEEE,DP2_0686,5fhx_1P,5fhx,True,b765162fecf18417a54f02c30570a3ef,5fhx_1P
MSEIEELQEELEEQLEAVREFLEMFEEAGLEETAEKWERLLELIEEMIEKVEEGIELELVEEALRLLEETEPDFEALGPTAQQFHRHKQLIRFLEELAKKIREE,DP2_0687,5fhx_1P,5fhx,True,03ef38008fa202a40b1bf6f0c262b5ac,5fhx_1P
SLLEEIERKLKELEEQHAAYRELIAPLLEADPELAALHAEMDATLEEIKKLPPEERLPALKRLRALHLRMRELAAERLTAQQFHRHKQLIRTIDELIELVEKLK,DP2_0688,5fhx_1P,5fhx,True,bb4159e5a5e7550abd8c762d587f36d1,5fhx_1P
SARRAELEEQLEAVEELSATLAELRAAAPPEERPAIDAMLATYEAVGEALRKLLAGEEIPKEELQALLDALRAQEPLFERLGLTAQQFHRHKQLIRLLEELLAE,DP2_0689,5fhx_1P,5fhx,True,b79f2766af2fa234abebee3eaad910ef,5fhx_1P
EAEKQELEEQLAAVEDLRAELAALRAAAPAADKPALAAMEATMAKVGDILKKLIAGEKIPKAELEAALAALKAQEPLFAAFGLTAQQFHRHKQLIRFLEELVKK,DP2_0690,5fhx_1P,5fhx,True,7eee8e405f591d6cb33467386db08384,5fhx_1P
EEEEKEEILKRLEEQRKAVEEERKKAKDPEVKALLEELEEKLRELIKAIEEGNLEEALKLAEEALKIAKEIIEKTKETLTAQQFHRHKQLIRLLEEIIKKLKEK,DP2_0691,5fhx_1P,5fhx,True,3521c9c2334dad6b3cd3707e6845a733,5fhx_1P
EEEEIEKIKKELEEQLKAVKEEAEKEKDEEAKKLLEEIAKKLEEIIKAIEKGDLEEAKKLAEEARKLVEEYIELTKETLTAQQFHRHKQLIRLLEELIKKIKEK,DP2_0692,5fhx_1P,5fhx,True,2e127384fb844f00f0fd0b9cd84d6038,5fhx_1P
MELLEKLLEEEEKERKEREKELEEQLEWFEKTYGLKELVKQLKEARKTDFEKAKELLEKMVEISKEKAKTAQQFHRHKQLIRFLEKEKERHEREKELKKKLEEL,DP2_0693,5fhx_1P,5fhx,True,88030fe7a1f3d15a988c2a0b409e44b4,5fhx_1P
LEELERRLAELEERLARLRAELDEQLAAYAELRPELAPELAAMRERLGTLEAVEAALKWVRETFDPSTATAQQFHRHKQLIRTLEELAEALRELERLRAERAEL,DP2_0694,5fhx_1P,5fhx,True,55125f029ef6ccdef96b3ac9d9f312d7,5fhx_1P
SAELKLRKHEFELHLELLERLLRENPNLPPEQREAALEAIAIHRELLAKETLEEVEAALAKLTAQQFHRHKQLIRLAKEEMPELVEEMEKKLKEFKEKLEKEEK,DP2_0695,5fhx_1P,5fhx,True,4c15ade57654f8e4e02f7bad8f432dea,5fhx_1P
MTQEELLALQRAALANLEAIRAALAAAGVQLPPEQQVAYDELSALLREAIAAGRPLVLTAQQFHRHKQLIRTLRELAAQAGLPAEVLELIEEYEANIQRLLEAQ,DP2_0696,5fhx_1P,5fhx,True,73b932e76dc1c0641d71de5d7f3dca37,5fhx_1P
MEELEQQLAEQRPAIADLRATLEALLPAAPPELRPLVAAVAADLAALGAAAEAGLEALQEAITPERLARLEAFSERAKELGLTAQQFHRHKQLIRFLRQVQAAK,DP2_0697,5fhx_1P,5fhx,True,3b44c87eb33297a39e98a780eef4c0d0,5fhx_1P
KLEEKKKELEELLEEMEEQLAALRELGEDETAERAQEFVDKMKENVEKGENNFEELDEMLKEIKAEIEEKLPSLTAQQFHRHKQLIRTLEKLLEKVKEYLELLA,DP2_0698,5fhx_1P,5fhx,True,d87d9292e0fba15505eb319d7ab90f4d,5fhx_1P
ELERLLEEYRRLLERFEEQLAALEELGEEETAERARRYRERLERDVERGERRREERREELRRILEEIEKRLPTLTAQQFHRHKQLIRTLEELLERTEEILEALE,DP2_0699,5fhx_1P,5fhx,True,16ca07bdc3b59700ca77b24affae4f9f,5fhx_1P
ELEELEEEWEELLERAREQLAALRALGEDETAAAAEAFVELLERALEEGRDPREELRARLEEILAAIEARLPSLTAQQFHRHKQLIRTLEELLELTERILELRE,DP2_0700,5fhx_1P,5fhx,True,503d41db281e256b6ce1c90e6ff3831d,5fhx_1P
ELEALRAALAEQEAALAEQVAALQALVSPAEAAELAAATAALEAATDLEEKAALLAAFLAWLEKRLAELEKKGLTAQQFHRHKQLIRTVRQLLELTEALIAAER,DP2_0701,5fhx_1P,5fhx,True,5ec4dea915371b6098b2cbc474603020,5fhx_1P
ALAEAEARREALLEELREQVAALTALVSPEEAARLEAAWAEIEAATDYAERLALVERFRAWMEARLAELEAQGPTAQQFHRHKQLIRTLEELARTTAEIIALLA,DP2_0702,5fhx_1P,5fhx,True,c69400679b3767664ffb0be100527041,5fhx_1P
ELEKLWEELEKLGKKLEEQIKAYEFEEEEIKKLAEKLLEAYKKLLEEKTLENAEKLIKITEELIKKLKESQGGLTAQQFHRHKQLIRTLEELKKAVEELKKKLK,DP2_0703,5fhx_1P,5fhx,True,8545f79e34e65639e4dac64ff72130b0,5fhx_1P
ELEKALKELEELLKRLDEQVAAYTFADPEIKAALEELKEKAEKLLKEKTLENAKELLEVTERVIELLKKSQGGLTAQQFHRHKQLIRTLEELKRAVEELIKLLE,DP2_0704,5fhx_1P,5fhx,True,d593c1c338988f9ccf9e22f244f48e69,5fhx_1P
ELEALLAELERLGEELREQIAAYTFSDPEIQRQAEELLEAYERLLETRTLEDAERLREIIERLIELLKKSEGGLTAQQFHRHKQLIRTLERLREAVERLIEALR,DP2_0705,5fhx_1P,5fhx,True,c85d544879cc4b5798c9f38a2a38a582,5fhx_1P
AAALAARLAALRTRQLELLKEFAAAVEAGLPLSEEQIAALKDVIAATEAMIADPSVRPTAQQFHRHKQLIRALRELAEREGSPLLETIEEYEEAYRELLELEAA,DP2_0706,5fhx_1P,5fhx,True,5c0a19f30fb25c63b7deab94f95239f1,5fhx_1P
EEELRERIKKLTERMLELLEEFARLAEEGLPLSPEQRAALEEIIAALRRMLEDPSARFTAQQFHRHKQLIRELRELFEKLGSPGLELVEEYERAYEELERLRKE,DP2_0707,5fhx_1P,5fhx,True,000988c68b76878a7484ad1030255e2b,5fhx_1P
LEEELERLREEALRLADELLEQLKALGAPEEVLEIVRELREALEAGDLERAEELLEELEEYLEELSEIEIKTAQQFHRHKQLIRLLEELREVLERIRELLEAAE,DP2_0708,5fhx_1P,5fhx,True,6f2b79aabc3c0395eb949b658e3215a8,5fhx_1P
MEEELEELRKKLEELLEKLIEQLKAYGAPEEVIKIAEEMLKAVKEGEIEKAEELLKKLKKYVEEQSKIKEKTAQQFHRHKQLIRLLKEIEEVLKKIKELEKKKK,DP2_0709,5fhx_1P,5fhx,True,bbd62dc328586fae3cce290d0cc526a6,5fhx_1P
LKELEEEKKELLERIKEELKEQQPWIDELAAEDPEFAEAVKRLEELLEEGKPFLEEAKELIELAKKRIPGLTAQQFHRHKQLIRFLEEAAEEEEELLKRLEELK,DP2_0710,5fhx_1P,5fhx,True,9ebe3af869b5e0ede8d197907fbb0f16,5fhx_1P
REELEKERRELREELRKKLEEQKPYIDYLAKKNPEFAKEVARLEELLEKGEPASEELRRLIELTKKTAPGLTAQQFHRHKQLIRTLEEFLEKEERLLEEEEKLK,DP2_0711,5fhx_1P,5fhx,True,6f6fd6edfa3f189d0cf46a93c6a0e76c,5fhx_1P
AEALEARRAALRAALRAALKEQQPFIDELAAKDPEFKEAVDELEALLAAGEPAAEAIERLIELTKKTAPGLTAQQFHRHKQLIRTLEAALAAERALEAERAAAA,DP2_0712,5fhx_1P,5fhx,True,d8ef3e70cf568fcd73e9bd2ecc196e00,5fhx_1P
MEELEEEWRKLLEELRERLKEQQPWIDELAKKSPEFKKAVEELLKLIEKGEPAGEALKKLLELAKKMVPGLTAQQFHRHKQLIRTLEEFLKREEELKKREEELK,DP2_0713,5fhx_1P,5fhx,True,10aa22aac6bd0983b0a2f55e13ce620b,5fhx_1P
EEEEEERLKKEIEEQIEWLKEELERAKEEGREESAKVLEEIIENLEKILEDKGESRKEYVENAIEKVKELLELEKETLTAQQFHRHKQLIRLLEELKKKIEEEE,DP2_0714,5fhx_1P,5fhx,True,dfa4cebd9b70f8f58c18b779d93ca1e8,5fhx_1P
LSPELQKLVKELEEQMEAFKKLMEGSSEEQKKYIKEIEELYKKMLEALKKGDLEKALKYAEEMLKKVKEFVEKFKEELTAQQFHRHKQLIRTLEELIKLLKKEL,DP2_0715,5fhx_1P,5fhx,True,de772030b5dc281711c7dd581cef9b6d,5fhx_1P
TAAELEALRKEMAEQIDAYTALVEEEAATRGLDAATHAALLALLAATRAAVEAGDLAALEANLARFRALEPLLAALGFTAQQFHRHKQLIRVLERAVELLRALA,DP2_0716,5fhx_1P,5fhx,True,ec3f357251b70538c0f0e853ed608899,5fhx_1P
SERLEEVRRGLARQLREILEILKEKQKDPRLKEEVEEQIKAVEDLLATVEAGAPFTAQQFHRHKQLIRFLKELQKTLSPEEAERLRRLLEEYERLREELLRLEA,DP2_0717,5fhx_1P,5fhx,True,bc3fcb4d078d6fdbb425426eaddfb85d,5fhx_1P
SRELRLRLYEVLLEFLKLVKEVYKERGDEEKLEKAEEQLKAAEEIIAALRAGEPPTAQQFHRHKQLIRFAKEALEDLKERGDPRVPELEALYREAEELERELEE,DP2_0718,5fhx_1P,5fhx,True,196e892f6cf87e3410d88cecdfa23699,5fhx_1P
EEEEREREWEEQAAWIAAEAAELAKGPPELAPALELTKAALEALEKYKEHREDRELRLKLVREAKKLVEEHIALLKATSTLTAQQFHRHKQLIRFLEEEEERLK,DP2_0719,5fhx_1P,5fhx,True,8e866726cb741fd72e299cb881960202,5fhx_1P
HEEELRQQLEEQRKWIEEEIERLKKGPPELAPAVELAEELLEKLEEIEENEEDKELRLKLVEEALELEEKRVAFLKATAPLTAQQFHRHKQLIRFLEQRREELL,DP2_0720,5fhx_1P,5fhx,True,146eba3e5e08ed74a919a91e2a02ef4d,5fhx_1P
SMAELEAELEEQVEATLALGEAALAAARAEDAAAAAELAAALERLRAKAAEAKATGTLEAKLALAETALELLDLLFSLRPPTAQQFHRHKQLIRLRERLEELLK,DP2_0721,5fhx_1P,5fhx,True,a3fb9e85fc4c5caa8b4d3f3590a8dfd7,5fhx_1P
GLEELERRVEEQTAWIVALERARIERLRKAGADPEELAAREAALAARLEELATSSREERLRITLELIEEEIERLEKVKETLTAQQFHRHKQLIRLAEELREELK,DP2_0722,5fhx_1P,5fhx,True,58df9c076cab5c3a0837f7e85e79d75c,5fhx_1P
SKEELLKRMEEQAAAIFADREAELERREAAGADPAEIAAARAALAALRERLETSSEEERIRLLLEEIEERIEEDEETLETLTAQQFHRHKQLIRLAEELRKYLA,DP2_0723,5fhx_1P,5fhx,True,8607208b230af6f1d07c3ea7e13aa90e,5fhx_1P
KKEELLEEVEEQWEWIVEDERKRLEELEKKGADPELIEKRREELEELEEEYETSDEEERLKLALERIDRRIEEMEKTRETLTAQQFHRHKQLIRLRERIEEELE,DP2_0724,5fhx_1P,5fhx,True,e4fa9a0a331a3a1e7d1d42c3d246f8d8,5fhx_1P
SMEELLKKVEEQLAWIFARREARIAALREAGADPAEIEAREAALEAYKKELAESNLEERLKLTLELIKEEIEEDEKHLAELTAQQFHRHKQLIRLAEEIEKELK,DP2_0725,5fhx_1P,5fhx,True,7085072a112d042084099fad4d5370a9,5fhx_1P
SLEELRARVEEQWAWILEERRAAIERARAAGADPAELAAREAELEELERRLREADEEERLKLVLEEIERRIEEDEERLEELTAQQFHRHKQLIRLAEELKKELA,DP2_0726,5fhx_1P,5fhx,True,df6b34a0e89481e8da7f0d77ff722ab8,5fhx_1P
SREELLKEVEEQWQWIRERRRARLAAARAAGADPEEIEAAEAELAALEEQLATSSEEERLKLVLEAIEEEIEELERDRETLTAQQFHRHKQLIRLREKLKEYLK,DP2_0727,5fhx_1P,5fhx,True,b3541832686a4a8ff3c163154e9ae4fd,5fhx_1P
SLREEILETFEAIRAAVEEARPSLPPELHAAILAALEEQRPALLELLESYDEPWTAQQFHRHKQLIRFLEELGALARAHLPVDPELFGRLLALVERLLALLKEL,DP2_0728,5fhx_1P,5fhx,True,33480c3bafda255cb190b101b12cb78b,5fhx_1P
SARLAALRAALLAALRRLLEQLAALGDTSAARRAALEAAAAALEAGTLDPAALLAALEALRAELEARAAEQELTAQQFHRHKQLIRTLDEAAALARELLALEAA,DP2_0729,5fhx_1P,5fhx,True,20c0c4f0a5cb2ef665ef8045ff7cbe60,5fhx_1P
EEELEELRERALELIDRLLEQLEALGNEDEEVRARLERWKELLEKGELNPEEALKFAEELRARVLAEIAQQTLTAQQFHRHKQLIRTLDELIETLKKILELEKE,DP2_0730,5fhx_1P,5fhx,True,0379df21bf9da40eb2a48b20a8161568,5fhx_1P
RERLEELEEELERALEELEEQVKALHELDPSTEPIVELFEQMKKAIEEGAPTEEILALLDQMEAEVLKLRPGLTAQQFHRHKQLIRTLQRLKRLILELEELEEE,DP2_0731,5fhx_1P,5fhx,True,82256fbf021e2ba67eb3bab949191126,5fhx_1P
EERRRRIEERLERLLERMEEQLEALKDLEPELVELMEEALEALRRIPEEGIEAARRALELLERAIEALKKLPQTAQQFHRHKQLIRLREELEEFIRELERLEEE,DP2_0732,5fhx_1P,5fhx,True,5228ba6e94445356bf9002ffd8b022be,5fhx_1P
MELEERLREARERLEEALERLREQLDALAEETGLEEEMAEVRALLEAGEIREAVERLRETVERWVAENPLTAQQFHRHKQLIRLLEEVEELLEEIEELERELAE,DP2_0733,5fhx_1P,5fhx,True,53772eeb5f0c9e51a1c4ca8059d841d4,5fhx_1P
SAAEAELAALDAELARLEEELEEQFAALEELVPELAPLIRALREAVRAGRWEEARRLLEEISKQLEARGMTAQQFHRHKQLIRLLEELRELRARRAALEAERAA,DP2_0734,5fhx_1P,5fhx,True,70748b9789101ddcf70ebcdb82fb4dea,5fhx_1P
SAAQERLAALEEQLAALEAELEEQFAAYRELVPELAELIDALREAVRAGDWERADELLAQIRAALEAAGPTAQQFHRHKQLIRLLERLRELRAEIAALRAELAA,DP2_0735,5fhx_1P,5fhx,True,9d8a225c4f7f5b769bda5daf624af0fe,5fhx_1P
AAAAEELAALEAELARLEAELAEQFAALRALVPELAPLIDALAAAVAAGDWAGADALLEQISAALAAAGPTAQQFHRHKQLIRLLAELRELRARIAALRAEIAA,DP2_0736,5fhx_1P,5fhx,True,a18e1ff44197d64d73e3a2a2b7f9d468,5fhx_1P
EELEEKREELEEELEEAREELEEQAEALASESPELAAIVAEILEAADEDLARTEALLERYRALLASQPALTAQQFHRHKQLIRTVDKLLKLKKEKEKLEKELAE,DP2_0737,5fhx_1P,5fhx,True,07a72f0df5b3d0283a8a861098ea65bb,5fhx_1P
AAEEELERLERELEEARARLEEQLAAFRAVASPELLAALEELLALYADPSTSLEELLARAEALFEELAPRLTAQQFHRHKQLIRTLVELRELEERLEELRRRLA,DP2_0738,5fhx_1P,5fhx,True,8f1410577e0be15826f8866711023bcc,5fhx_1P
SLEELLEELEERREELEEEFEEQLPDLEYWLKLLGFSEEEIEKILEEIRESAEKAEEMRELLLELAKKTKLTAQQFHRHKQLIRFLEERIELLREERELEELLR,DP2_0739,5fhx_1P,5fhx,True,3b40db745755d09d11296fbfcd271fdd,5fhx_1P
ELEEKLEELEEREEELEEEWEEQKEDFIYWLKLMGYSEEEIEKILEAVKEDAEAAKELKKLLEELAKKTKLTAQQFHRHKQLIRLLDERIELLEEKEELEEELE,DP2_0740,5fhx_1P,5fhx,True,b117cdd08b46b409589e486eda2e584e,5fhx_1P
DLEAERKALLKEFEAELKEQLPAIQALPPEVAKKLLALEKKTLEALKEGNLEAALKAQKEFLKVLKALENDPSMTAQQFHRHKQLIRTAERFTKRLEELIKKAK,DP2_0741,5fhx_1P,5fhx,True,d7799e9ab1dbc4617b36a48e4dcab135,5fhx_1P
ALEERLRRLLEEFERELEEQLPAILALPEEVAEQLLALLEAAREALRAGDLEAALEKLEEYLELLLELEDDESLTAQQFHRHKQLIRTAERFREELEELIRERE,DP2_0742,5fhx_1P,5fhx,True,b2640b6b900740f05e415bd8fff70e9b,5fhx_1P
DLAAERAALIAKFRAARAEQAPAIAALPADVAAQLTALQDKALAALEAGDLETALKYQEQYLALLKALENDPSLTAQQFHRHKQLIRTAEAFTKELKELIEKAK,DP2_0743,5fhx_1P,5fhx,True,38add153b0c22ac6fbe1331b1b9a8456,5fhx_1P
SLEARRAALIERFEAEREEQLPFIESLPPEVSKKLLELEEKTLEALRAGDLEKALEYLEKRLELLKELEDNPDLTAQQFHRHKQLIRTTEEFLAELRALLAEAA,DP2_0744,5fhx_1P,5fhx,True,4c385eda557cc6b535ee5ac990b59b24,5fhx_1P
SKLEELKEELKKLLEEYKEQLTAYGKLLGLPQETIDAEIARVEKMVEDPSLWPELVKELEERLKELKALESLPMTAQQFHRHKQLIRVTEKMIEKLKELIELLE,DP2_0745,5fhx_1P,5fhx,True,6d48149b71287bd53dd8eff1fa9fe8b1,5fhx_1P
SRLEELEKRLEELFEKLVEQITAYGTLLGVPQSTIDAIIARYKEMLEDPSLWPELIEELERRLEELKATESLPMTAQQFHRHKQLIRVLEEFIKLLKEKLELLA,DP2_0746,5fhx_1P,5fhx,True,f8c13f1e4eac25d231f8ec7acfb48b7c,5fhx_1P
TLEELLRRLEEQAPTFREWAALARERGLLSPELAARLDEIFALLEGDEEEKLEALRLLAEIAPEVRAVLRRLVAELEAAGELTAQQFHRHKQLIRLLDEVARTF,DP2_0747,5fhx_1P,5fhx,True,3f1e3c7e3c79fdb2ffdf248f32794d04,5fhx_1P
KLEELLKELQEQLPDFEEWFALMKERGLVSPELAAALDEIFALMKGNEEEKLEALKLLAEHADEIIEALKRLFAELKERGELTAQQFHRHKQLIRLLEKIKEFF,DP2_0748,5fhx_1P,5fhx,True,0ebb205a133aec08153629c8443c4867,5fhx_1P
KLEELLKELQEQKPTLEEWFKLMKERGLLSEELAKKLEEIFKLLEGNEEEKLEALRLLSEIADEIIEALKKLVAELEEEGKLTAQQFHRHKQLIRFLEKVKEFF,DP2_0749,5fhx_1P,5fhx,True,7e25995b2f83c632b936442c68cab755,5fhx_1P
KLEELLKKLQEQKPTFEEWTALMKAEGLLSPELAAKLDEIFALLEGNKEQQLEALKLLAEIAPEVIAALKRLTAALKAAGTLTAQQFHRHKQLIRLLEEIKEYF,DP2_0750,5fhx_1P,5fhx,True,0882aed3dbf9f13a769e9b72f9536594,5fhx_1P
DLERLLQQLQEQKPTLEEWFALAVERGLLSPELVAKLEEILELLEGNEEQQLEALRLLAEIAPEVRAVLRKLVEEERAAGTLTAQQFHRHKQLIRLLDEIEAFF,DP2_0751,5fhx_1P,5fhx,True,7c5fdca3164582166a23c89f1b21a38b,5fhx_1P
AAELEAEIAALEAERAELWAEQEPAVAELAAAYPEAAPLMAAVLAARDGDAATLEAVLAALRAWYAEHRERLTAQQFHRHKQLIRTLERDIALQRRIAALKAAA,DP2_0752,5fhx_1P,5fhx,True,8149c9d090addc1f35dd1ce49999340c,5fhx_1P
MKEIQERVKKLLEKLKKELEEQLKGLPEEVRKYVLEKLEEIEKAVKEGNFEKALEILEEAIKYLKSLDLSTLTAQQFHRHKQLIRLLEKAKEELKKIIKEAKEK,DP2_0753,5fhx_1P,5fhx,True,2bc06dc443f97cbd2e498e39cce610cc,5fhx_1P
MEEFKERAEKLLEELKKELEEQIKGLPEEIREYVLEKLAEIEKAIKAGKLEEAIEILEELLEYLKSIDTSTLTAQQFHRHKQLIRLVEKALEEFKKIKEELEEA,DP2_0754,5fhx_1P,5fhx,True,c03ff560d319433b4243b18d77edf872,5fhx_1P
MEEIKKKVKELLEELEKKLEEQLKDLPKEIQEYVKEKLKKIKEAIEKGDLEKALEIVKELLEYLKSIDTSSLTAQQFHRHKQLIRLITEFKEKLEKLIKEAKEK,DP2_0755,5fhx_1P,5fhx,True,3161dcf68eabc0465243c77cd41021ab,5fhx_1P
EEEIQKELKELLKELEEKLKEQLKDLPEEIREYVLEKLKKIKEAIEKGDLEKALEIVKETLEYLKSQDLSTLTAQQFHRHKQLIRLIEEFKEKLEELLKKKKEK,DP2_0756,5fhx_1P,5fhx,True,7a2dec4b2412aebe466c98ec0a6c4227,5fhx_1P
SAAAQAELRALLAELEERLKEQLEGLPEEVRAYVLEALARVRALVEQGDFEGAAAELQAALEYLESLDTSTLTAQQFHRHKQLIRLLREALARVQAIIAAAKAA,DP2_0757,5fhx_1P,5fhx,True,6497a3e78fbda26f6d2196a9cf862f9d,5fhx_1P
MEEIKKRVEELVKKLEKELEEQLKGLPEEIREYIEKSLKEIKEAVEKGDLEKAIEIVKETLEYLKSQDLSSLTAQQFHRHKQLIRTVERFLKELEEILKEAKKA,DP2_0758,5fhx_1P,5fhx,True,a62e83196c68e45b8f7eb7fc1dae6a14,5fhx_1P
SSEIQEAVEELLEELEEKLEEQLKDLPEDIREYVLEKVEELKEAIEEGDLEEALEIIQEWLEYLESQDTSTLTAQQFHRHKQLIRLIREAKEELEELLEEKEES,DP2_0759,5fhx_1P,5fhx,True,72094eddbeb9e5907250bb1f6212ca0b,5fhx_1P
SMKEEVKEQLPWFEWMAQKAAEVSSPEEKKIWQKFLEKLKEAKKDEENFEESFLKLIEELFKEYPFEKILKWMEETYEKLKDTLTAQQFHRHKQLIRFLEELHK,DP2_0760,5fhx_1P,5fhx,True,d09f16baf7d5e3668c380ce193241d62,5fhx_1P
EEKKEELLKRLEEQLKWVEEEAKKYEKEGKKEEAELLKKLGELLREIIESLETDESEVEEYVKKAEKVLKELIELEKDTLTAQQFHRHKQLIRLLEEVRKYVEE,DP2_0761,5fhx_1P,5fhx,True,d24347bac014a5a54ff5476a4e5b0564,5fhx_1P
MKELEELLKKAEEQIESTLELIKEYFKKNKPSEEALKLLKEIEALLKEAKKEKDLEEKLKLYHKILEKQLELIELVNLLKTAQQFHRHKQLIRLIKELEEFFKK,DP2_0762,5fhx_1P,5fhx,True,1593188242a8a074ba26c5fadf62adc9,5fhx_1P
SAEKEQLIKEIEEQLEAVEEILEESEDWTEEQKEVLKELLELLKQALEDLKTNEENLLEIVKKALEALKKLEELTNPEDWTAQQFHRHKQLIRFLEELKERLEA,DP2_0763,5fhx_1P,5fhx,True,cd4dd436427fd8d10c247cc624c9a6f0,5fhx_1P
SELEALRRELARQLEVLEEQLEALLELDPRYAPLLELHRQAKAAFEAGRLEEALELVEEMRRLLEELIAENELTAQQFHRHKQLIRTLEEVERLLEEIIRLERA,DP2_0764,5fhx_1P,5fhx,True,88f7976670b9d2bc45e10e67f87ff26c,5fhx_1P
ARLAELDARLAELRARLREQLAALAALEPERAAEYEAALAEIEAAAAEGLERLREVLEARIAAERARVAEEELTAQQFHRHKQLIRTLEELLAAVDERLAAQAA,DP2_0765,5fhx_1P,5fhx,True,bf8f4ebae6f72acb7d8bde4462df88d0,5fhx_1P
AELAALDAELDAAAARLREQLEAMAALEPEKKAQYDAMLAELEAARAAGLAALLAVVEAQLAELEEYVAANELTAQQFHRHKQLIRTLRELRALVEARLAALAA,DP2_0766,5fhx_1P,5fhx,True,52cf679dc3adace50df078a2737c7313,5fhx_1P
SRLEELEKKLEEALKKLKEQLEAMAKLEPEKAEEYKAMLEEIEKAREEGYEKLLKVVEEFLKKEKEYVKKNKLTAQQFHRHKQLIRTLEELGKLLKEIIKEKKK,DP2_0767,5fhx_1P,5fhx,True,8c24d3fa282a90692d6644581db4624f,5fhx_1P
SELERLREELRRLAEELEEQVAADTSLSPEFRELFAEFRELLERLETLETVEAALRRVDEMLELELSRRDLPMTAQQFHRHKQLIRTLEEYRRVLEEIARLLRE,DP2_0768,5fhx_1P,5fhx,True,78bdfce87156158aef685e5cc650554d,5fhx_1P
SEELEKLEKELEELEKRLEEQLAALREAGEPRAPEIEALIARILKLLEEGAPEEEIEALLAELEALLAASRSTAQQFHRHKQLIRTLRELLEAKKKIKKLKEEK,DP2_0769,5fhx_1P,5fhx,True,835eab3749a009cb6b140d5f5307e15d,5fhx_1P
SERLKELQEKLEELRKRLKEQVAALTLSPEVQAAVAELEAAWDGSLEEQLALAERLLALLREELARLEAEGMTAQQFHRHKQLIRTVEELIEAIKELIKEKERL,DP2_0770,5fhx_1P,5fhx,True,18f6243d4dd73cac068fbea044c1c419,5fhx_1P
SEELERAKEELEEAREELDEQVAAVELSPELQALVAELEAARDGSLEEQLALARKLLEAAKKEYEELLKKGMTAQQFHRHKQLIRTLERLIELIERLIELLEEL,DP2_0771,5fhx_1P,5fhx,True,68b01caad8176a83d028c46bb5160624,5fhx_1P
AAELEALRAALEAQRARLAEQLAAVTLSPELQALVAELEAARDGTLEEQLAVVERLLAAAKAEYEELLKKGMTAQQFHRHKQLIRTLEELAALLRALIAAQAAA,DP2_0772,5fhx_1P,5fhx,True,de100cf903a2d5b32a4099c3bdef9913,5fhx_1P
SAALAAAQERLAAADARLEEQLDAMAESEFGETYEAMRAEHRAARAAPLEAQIAVLRAHRKTVEKLIKENELTAQQFHRHKQLIRTLDERIALLEEIRRLQEEA,DP2_0773,5fhx_1P,5fhx,True,56a9e8056d701d4a4cbdf8c9c680bc0c,5fhx_1P
EEELERLQEELEELRERLREQLEAMKESEFGEVYEEMLEELEEVEEKPLEEQIETLERHLEIVEELIEENELTAQQFHRHKQLIRTLEERIEALRKILELQEEL,DP2_0774,5fhx_1P,5fhx,True,e3171333feb970cf394a0467e31dab5c,5fhx_1P
MEELKKVEEEIKKAEERLEEQLEAMQESKHGELYEEMLEEFKEAKEKPLEEQIAVLEEHLERVKEIIETEELTAQQFHRHKQLIRTLNELIELLKKKIELEKKL,DP2_0775,5fhx_1P,5fhx,True,dd42d48a2ec6a93fd9dd253df5aee368,5fhx_1P
EERRRELEARRAELEARLAEQRAVLSPEVRALLDRFEARRAALRAAGELTSAAELALLDELIAELRAMAPGLTAQQFHRHKQLIRLLEERRALLKEEEELRAAE,DP2_0776,5fhx_1P,5fhx,True,0ca668631b429f74bcb8b3dc1290b64e,5fhx_1P
MEELEKLEEELEKTLEKLDEQVAAMQELLPEIAAELAALHARLKKLVEEGAPLEEIEAVIKELLELVAKQPLTAQQFHRHKQLIRVLEEFLEVLRKLEELKEEE,DP2_0777,5fhx_1P,5fhx,True,9892ea3d2c34b8f6fe6758e5c78e03b1,5fhx_1P
AAELAALEAELAATLAELDEQVEALAELLPEIAEEIRALWEELRAALEAGAPLEEIEALIARLLALVDTQPLTAQQFHRHKQLIRTLERLLATLRRLRALRAAL,DP2_0778,5fhx_1P,5fhx,True,8bee29a6db502a5b5cb7e0597f185a90,5fhx_1P
DAALAAAEARLAATLARFREQVEALAELLPEIKEEIEALAEELLRALEEGAPLEEIEAIIERLLALVEKQPKTAQQFHRHKQLIRVSEELLAALRELRELLAAR,DP2_0779,5fhx_1P,5fhx,True,ff9a1d448510449dcd08f9c0000c4d93,5fhx_1P
MEEKLEELEEKVEELEEQVEAALALDPRYAPIAELFEKLKELIEKYKEGEPTLEEAIKTVKEMLKLLKELEGLPRTAQQFHRHKQLIRTLEELLELLEELLEEE,DP2_0780,5fhx_1P,5fhx,True,85a0aab22cb6cb1b6bf43ed0cba42597,5fhx_1P
MEEKLERLEELLEKLREQVESALALDPRYAPIAELYEELEEKFEKYKEGEPTLEEMLELVREMLALVESLAGLPLTAQQFHRHKQLIRTLEELEKLIEELIKLE,DP2_0781,5fhx_1P,5fhx,True,a01980b4f37188dda6188530baf0417c,5fhx_1P
SSAALERLRQQLAVLEEQVEALLALDPAYAPIAALHEQLRAAAEALEAGEPTLPEMLALVEAMLAELRALEGRPRTAQQFHRHKQLIRTLEALRALVRELLAAA,DP2_0782,5fhx_1P,5fhx,True,39a7bc03e95befa719b918819f1bfd56,5fhx_1P
SAEREATLAALRAELEEQAPALEALAANLPADVRAELAALWAAAKAALDTDLAAFREHLAAIRALLLAHEEALTPTAQQFHRHKQLIRSLERHIAIAERLIAEE,DP2_0783,5fhx_1P,5fhx,True,7b18b274028a0f86bc60b22366654bcb,5fhx_1P
EEREKLLEEILKVLEEQLEWVQEELERQAGRSETLAKLRDKLEELIKLLKEGAPLEELLKKAEEALELAEKSASLVETAQQFHRHKQLIRDLKEIIKKLKELLE,DP2_0784,5fhx_1P,5fhx,True,6a05059b4b440942c987ec8522b4b895,5fhx_1P
SELEEEREKLRKEFEEQIEAMLKEFEDDEEIVELLKKMKELVDELFASKDPEKRKELLKKIEEVMKKLEELLKKKKLTAQQFHRHKQLIRTLEKIKEFVEKELK,DP2_0785,5fhx_1P,5fhx,True,7a14f792582faf751c244aa97c89360f,5fhx_1P
AEAEEERRRLLARFEEQVAAMLELFADDEEIVALLREMRALVEALFAATDPAEKRALLAAIEEKMAALEARLAEIPLTAQQFHRHKQLIRVLEEIRRFVERELA,DP2_0786,5fhx_1P,5fhx,True,9126930cc8e8a4753be401f8930b214f,5fhx_1P
SAAERRREALLARADEQLDAALALFADDAEIVALLEAMRAAVRALFAAEDPAERRALLAELRALRAELEARLAEIPLTAQQFHRHKQLIRVLEEIEAFVEEELA,DP2_0787,5fhx_1P,5fhx,True,34c6e4df3647925fe96f7bb5f5a337ec,5fhx_1P
AAAAAERERLRAEFEEQIEAMLELFESNEEIVEILKQLRAAVDALFAAKDAAEKKALAAKADELLEELEKKLEEIELTAQQFHRHKQLIRVWERIRAFLARELA,DP2_0788,5fhx_1P,5fhx,True,4682aa6dc9f4e9a635e75d91babb8ad8,5fhx_1P
KELEEKKKKLLEEFEEQIDAMLEIFKDDEEIVKILKEMRELVKKLFESKDDEEKKELLKKMEEKMKKLEELLKKKKLTAQQFHRHKQLIRILEEIKKFVEEELK,DP2_0789,5fhx_1P,5fhx,True,d9d9aa28244c317dc6987b318199f1bf,5fhx_1P
AAAAAERAALLARFDEQIDALIELFADDEELVELLRQMREKVRALFAATDPAERRALLAEIRELMAQLEAHLAKIPLTAQQFHRHKQLIRTLEELEAFVARELA,DP2_0790,5fhx_1P,5fhx,True,7fe17cfc2f98e5b7e95296a1c797b128,5fhx_1P
KKKEEEREKLLKEFEEQIDAMLELFKDNEKIVKLLKELRELVKKLFESKDDEEKLKLLKKAEEILKKLEEELKKIPLTAQQFHRHKQLIRTFKKIKEFVKEELE,DP2_0791,5fhx_1P,5fhx,True,236e4dc6c772c0cc78e36e214c23b4ed,5fhx_1P
LEELKKRLKEQRKAVEEIFEELLAKASPEEQEELQEIRDEMLENFDTIIENYESLSEEELKELVDRMLELLEKVRERLEELGMTAQQFHRHKQLIRFLEELKKK,DP2_0792,5fhx_1P,5fhx,True,a8a9f27598eae14716374328d5785f21,5fhx_1P
SALEEELEELEEQLEAVEEFLEELKKDPRTSEKALELQEKILENLEEIIENIENKEKRLELVKEALENLKKLEEELKDLELTAQQFHRHKQLIRFLEEKLKELK,DP2_0793,5fhx_1P,5fhx,True,242000bc00e29545236ce2f1304d2e2a,5fhx_1P
LEKKKKEFEEEKKKWEEEEKKELKEQKPTLEELKPDLEKIDKELKDKSEIEILEAKIEYIKSKLTESLTAQQFHRHKQLIRFFEKKKERLLKIEEEEKKLKELE,DP2_0794,5fhx_1P,5fhx,True,669cda66c7b3db49e8ce231eb452aee0,5fhx_1P
MEEELEKFKKEIEEKEKEFEEKLKEQQPTLDELKPEIEKIKEELKDKSEIEILKAMIEKVRELMTASLTAQQFHRHKQLIRFLEERLEFLKEKEEKEKKIKEEL,DP2_0795,5fhx_1P,5fhx,True,e7cd4b2ab5b7481c7db24f2808ac4150,5fhx_1P
MAAEIAKIEEEFKKKEEEFRKETLEQLEALKELFPEAEAWLEQFEKDPSLRLEILEEAARRLEALPEKTAQQFHRHKQLIRLIEEMKKFEEEKEKIKKKIEEEK,DP2_0796,5fhx_1P,5fhx,True,fe0bfe225e87c56574790df997771151,5fhx_1P
EFKEKIEKIEKLRKEAFELLLSSMPEELKPAVDAFIKKINEAWEKEWPNIETLEAVEKLKKICMDMKNYGTNLFETYGLEAAKKVAEIMEEIIKLLEELGKKLK,DP2_0797,8pww_0P,8pww,True,bc576cad57081cf81dc8c2030b7d7e37,8pww_0P
MKKIEELKKKFKEKVEEILKVTEILPEDEKKAVDAFIKKINEAFNKALEEGKSLEELEKICMDMKNYGTNLFETGDPIKKKVGKVIIESSEELLELIKKIKEEE,DP2_0798,8pww_0P,8pww,True,7893605c97921eb894fdd22f26c5b295,8pww_0P
DFKKILEEFRKAVAANKSIPEELKAAVDAFIKKINEAWKEAEEKLKENKNGPKEEQEKIIEEKKKICMDMKNYGTNLFETGPEESKPIWKKFVEAAEKLIKELE,DP2_0799,8pww_0P,8pww,True,db59d5c9c6922b6ea7a2a585add50fe7,8pww_0P
DELVKEIEKLLEESKEVVEELKKEEGIPEETVKAVDAFIKKINEAMKKNKDDLEKLEKICMDMKNYGTNLFEKYKAEGKKKIAEKWKKLAEKWEELAEKIKKKK,DP2_0800,8pww_0P,8pww,True,161bd93758a854069107fab25880a925,8pww_0P
MEKLEEIKKEILELLETFKKKAKALGLPADTLAAVDAFIKKINEAVKKAKTLEELEKICMDMKNYGTNLFEALKAAGGPAAQIAAFKEFADKFEEIAKKIKELI,DP2_0801,8pww_0P,8pww,True,ffbb1a5788b604c0d9c2b39a33e390b2,8pww_0P
SSTVEKFKEKLKKLLEEFRENIKKLKEISEEEKKAVDAFIKKINEAAENADLEELKKICMDMKNYGTNLFEKYKDNEKISKVLKENVEKAEELIKEIEKEIEES,DP2_0802,8pww_0P,8pww,True,4d3a63ae2f0d14756a929f568e139eb6,8pww_0P
SETLEKFKKKLKELLEDFKKKVKALKDVTEEEKAAVDAFIKKINEAAKNANLEELKKICMDMKNYGTNLFEKYKSNPEISKALKEIVEKAEKLIKEIEEAIKKS,DP2_0803,8pww_0P,8pww,True,293a176aaf7473c5babaa9d3f3513b03,8pww_0P
MEEIEKAIKETFDLYKEMSKKLSPELQKAVDAFIKKINEAVKKALELYKEGKKEEALKELKKICMDMKNYGTNLFEKGEISKEDYDKLNKSIDKLIELLEKEIE,DP2_0804,8pww_0P,8pww,True,69f4df04c571939de76d10024dd7422a,8pww_0P
LEELKKLLEKTFEAFKEMSKTLSPELQKAVDAFIKKINEAVKKALELYKEGKKEEALKELKKICMDMKNYGTNLFEEGKISEEDYKKLKKLIDETIEKIEELLK,DP2_0805,8pww_0P,8pww,True,46de611ae0f73afb2ae6297daf98a671,8pww_0P
MELKEEIKKILKEAKEKALALASPELKPAVDAFIKKINEAIEKAFKKLEEGEEEEKVLEELKKICMDMKNYGTNLFEKGYKEVGKVLIEAAEKIEKLIEEYEKK,DP2_0806,8pww_0P,8pww,True,b8fc8a69b1fdea43d6717754f42b2079,8pww_0P
AVEEMLKILEEMIKIMEEERKKLPEELKPAVDAFIKKINEAVEKVLKDKSLTEEEKIKKLLKICMDMKNYGTNLFEAGGGISEEAVKKMEELYKKAKEIYKEYE,DP2_0807,8pww_0P,8pww,True,421dd2692d46e83eb4b4d25b225a4033,8pww_0P
AREELLRRLEEKREELVKKFVEKQNLSEAGILDINFLFDEVLEVVVRDPSAVEWSPEEWLEYIQTRYPLIFSRVKKEVENAEEDLLKALEEFLEEARRLLEEAA,DP2_0808,7ox3_0P,7ox3,True,947d988142dafc9c91ed5fae2e62e0f8,7ox3_0P
EKEKKLKEIADETIEALKKLKEYFKKKGYEEEAKIVEAGILDINFLKEKGLEYAQTRYPLIFSRVKKILEEIKKWIEEFKEDKEGKALLEEVAEKLEELIKLME,DP2_0809,7ox3_0P,7ox3,True,4a5ebcb74fd1a09d6c7491358128cb74,7ox3_0P
KEKELKKLEEELKKKEEELEKVRKAGILDINFLAKEFGDEEILEYIKKNKNLTIEEMKKLLEKMKEEAQTRYPLIFSRVKKNLEEMEKLEKEIKELEKKIKELK,DP2_0810,7ox3_0P,7ox3,True,17fbccf23855bb79aa14f909c13363ea,7ox3_0P
EEKKKELLEELEKAKKELEEAREAGILDINFLYKETNLEELKEALELLKTDPEKFEEIEKLLEKVSSILQTRYPLIFSRVKKNLEKMKELKKKIKKLEEELKKL,DP2_0811,7ox3_0P,7ox3,True,76a602b3fe1454bc02a7b5ce130e6f2e,7ox3_0P
SKLKELKEKLEKLKKERDELVKAGILDINFLFDKLGITDEEFKNKVLNALKTDPSKVIDLFSPEIKEEIQTRYPLIFSRVKKNIEEILELDKEIEKVEKEIEEL,DP2_0812,7ox3_0P,7ox3,True,6e17f3aac4a96f3b225299cc380bad96,7ox3_0P
EEEKKKKIEEQLKKMLENLKKIEEKKELLSEEVQKTVKAGILDINFLIESGGDPQTRYPLIFSRVKKNVEKIEKYAKENKSLPKEIQKLVEELKKNLEELEKLL,DP2_0813,7ox3_0P,7ox3,True,5152ff52b71a52b475b94269b8e9fc37,7ox3_0P
KKKKEELLKKLEELKKEKEELKKAGILDINFLKEAGLDKELLEELIKALKEGNLEKAEELLKKIEPEAQTRYPLIFSRVKKNLEKIKEIEKKIEELEKELKELE,DP2_0814,7ox3_0P,7ox3,True,e4a08ee9e4077096499df61b5e337f6a,7ox3_0P
MEEELEKLEKKLKELEKKLEELKKAGILDINFLFKELGIKKSQEEIEEIVENPEKLEEAIEEIEEEAQTRYPLIFSRVKKILEEMKKLEEEIKKLKEEIEKLKK,DP2_0815,7ox3_0P,7ox3,True,fbeb5163a954e8e62f2e94a650692855,7ox3_0P
SEVLKTLEELRKLFEEIKKLVKSISKEMEKIVNAGILDINFLINEIKKSGKEMTIEDLQTRYPLIFSRVKKSIDKIKEFLKKNKSKKEYQKLLKKLEEIVKKLE,DP2_0816,7ox3_0P,7ox3,True,c26ed068d2e889c7cc3532fcd14f0f9c,7ox3_0P
METLETLKKLLELLKKLAELTKDISKEMTEILEAGILDINFLIEEIEKSGKEMTTEDLQTRYPLIFSRVKKTIEEAKKFLEEHKEDPEYQKLLKELKEIEKKLE,DP2_0817,7ox3_0P,7ox3,True,25cf270d707b633a9d68ec3788f39b64,7ox3_0P
SEKEKLLKEIKELEEKREKLFEAGILDINFLKEKGFTEIATKMLEEWEKAKKGNIKESLEKAEELLTEEMQTRYPLIFSRVKKNIEEIRELEEKIEKLKAELEK,DP2_0818,7ox3_0P,7ox3,True,fe2f194c198c6a379724dad042c22a2c,7ox3_0P
MEIEKLKKEIEKLKKEYEKTLEAGILDINFLKEKGFTEIASKMLEELEAAKKGNVEESLKKMRELLTEEFQTRYPLIFSRVKKNIEEMEELHKKIKELEKKLKE,DP2_0819,7ox3_0P,7ox3,True,c35a545aef2084ab4381202c70460bae,7ox3_0P
DKKITDNIIENLKKILELLEKKGPEDKPMAEVVKAGILDINFLKEKVDKDETLYETAQTRYPLIFSRVKKNIEELKKYAEESKDKELQELVNNIIKNFEKLEKL,DP2_0820,7ox3_0P,7ox3,True,57568dc681f3d886bad43c6d4c9c8176,7ox3_0P
AKKLIDEMIENLKQIAELLKKKGEEYKPMVEKAEAGILDINFLKEKVKDDKTWYKTAQTRYPLIFSRVKKILEELRKYAKESGDEELKKLVEKVEELFKKLEEL,DP2_0821,7ox3_0P,7ox3,True,066bb9bf4b72fca1656ad3f65798452d,7ox3_0P
SSLKEKNKELLEKLKEVLKKFKEMFKENKELVKKAEAGILDINFIIEKGLTVKEAQTRYPLIFSRVKKITEIIKEELKKKEKESEEAKELLKELEEIEKELEEL,DP2_0822,7ox3_0P,7ox3,True,a346ea9089db8157b4ae201e788d4c7d,7ox3_0P
SARKEENRKVLEELRKVFEEMKKMFEEDKEMVEILNAGILDINFLIEKGVTVEEAQTRYPLIFSRVKKIIEEAKKKLKEEAEKSEKAKELLKKLEEAEKKLEEM,DP2_0823,7ox3_0P,7ox3,True,c05f66a825c68e477e4447fc458aad94,7ox3_0P
KIELIKKHFEKAKKLIKEELEKLGKKLIGEAGILDINFLEEEVLKELEKDPSLTLEELIEILQTRYPLIFSRVKKILELLKKESPEAYKELKELLKKLKEELKK,DP2_0824,7ox3_0P,7ox3,True,c18544db4e08dad7c305f5e78c5cb184,7ox3_0P
KLELIKEHFEKVKELIKKRFEELGLYLIGEAGILDINFLEKEVIKLIKEDPSLTYEELIEYLQTRYPLIFSRVKKIFEILKEKDPEAYKELKELHKEFLEKLKK,DP2_0825,7ox3_0P,7ox3,True,a9fd6631b2e22478a9286c42de78422b,7ox3_0P
GFEKVLDKIIELLKEYRKKSKDEEFKKVLDAGILDINFLKEKLSKEFKDNPNVTIEEALKYAQTRYPLIFSRVKKVFEYLKETDPEKYEELLKKIEELIKKLKE,DP2_0826,7ox3_0P,7ox3,True,4e9e97d0d17cd8b2e93902ac54de7db9,7ox3_0P
AAAALEKKRIERIKARISERLGKPSPLTEAGILDINFLVETVASKYKAEELSLELTKKLIEEIQTRYPLIFSRVKKEWPDLTLELFQLLLKVVKEVLEELKKEL,DP2_0827,7ox3_0P,7ox3,True,06a67fd9074d2d562a7680984b5a2947,7ox3_0P
MLEELLKKLIKRIKEKISEALGKPTPLTEAGILDINFIVLTVAKDYKAEELSLELTKELIKEIQTRYPLIFSRVKKEWPELTPELFQLLIKVVLEVLEELEKEL,DP2_0828,7ox3_0P,7ox3,True,652efece8ce5de9782b42bb4d51bb649,7ox3_0P
EIEKKLEELKKKIEELKKTLDKEMQEIVNAGILDINFLYEELKKYVKETGKYDWTKEELEKFVQTRYPLIFSRVKKIIEIAEKYDPELAKLLKELYEAKLELVS,DP2_0829,7ox3_0P,7ox3,True,de18c80114e537952eab74df4be576f8,7ox3_0P
YEEKLKELEKKHIKEVFEKLKKLLKKDKKNAEAGILDINFLEEEIEKEGIETLEEAIKYIQTRYPLIFSRVKKILEPLKEEVEKELEKLKKKLEEEKAKLEEEK,DP2_0830,7ox3_0P,7ox3,True,1adabf63dca7bac900da8d41614adb23,7ox3_0P
YEEKLEEIEKEYIEKVFKKLKELLKKDGKTAEAGILDINFMEEKAKKEGLKTLEEIIEYMQTRYPLIFSRVKKHLEPLKEEVEKELKKLEEERKKKIEELEKEA,DP2_0831,7ox3_0P,7ox3,True,e62c1350c6e512877de915bdb8284e0e,7ox3_0P
IEDIINEFQEIIEEFEELREEVEDPEVKEIIEAGILDINFLLNEVKKLKNLTKEEIVKYLQTRYPLIFSRVKKNLEKLEEMLPELPPELAKKMKEIIEKLKELL,DP2_0832,7ox3_0P,7ox3,True,8ac0ae3fbca7f2985ab10d6c16cf3478,7ox3_0P
ELEKKKKELEELKKKLEEKLEAGILDINFLARSKSEEYYEEFKEELEKKKTNEEKLELLKKKAEELEEEAQTRYPLIFSRVKKNLEEAEKLLKKIKELEEELAK,DP2_0833,7ox3_0P,7ox3,True,6fb796a9d13db58b2cdb68d5d08abe6a,7ox3_0P
ELEEIKKKIEELKKKLEKLLEAGILDINFLLSSISEELLKEFQEKLKKKKTNEEKLELLKEELEKIEEIAQTRYPLIFSRVKKNLEEAEKLQKKIKELEEKLKK,DP2_0834,7ox3_0P,7ox3,True,1ca633384e51b4a9e8b9eaefd031d011,7ox3_0P
MLEEIEKKIKELKEKLKKLLEAGILDINFLAKEISEELYKEFKEELEKQKTDEEKLKLLEKFAEKIKEIAQTRYPLIFSRVKKNLKEAKEYLEKIKKLEEEKEK,DP2_0835,7ox3_0P,7ox3,True,d83c9cc447a1888d0adc52071984c896,7ox3_0P
SLEINLEYFEKLRELFEETGKKLGLPKEFIEAGILDINFLIEEIKKENFEGKTIDEIIQYFQTRYPLIFSRVKKQFDILEKKDPEFKKKVEELYKEAKEKLEKS,DP2_0836,7ox3_0P,7ox3,True,d912b1022fe2058f0938b4d01565c151,7ox3_0P
KEKTLELFEKLKELFEKLIPEVNPEEAKILKAGILDINFLIEYIKKEMSPSMSPEEVIKELQTRYPLIFSRVKKIVKRALELLKERGGPEEDIELLEEALKALE,DP2_0837,7ox3_0P,7ox3,True,13f83bc11bb301ab039b2d87a64941cf,7ox3_0P
KKETIELFEETKKLLEELKPKVNEEEKEILEAGILDINFLLDYIKKNLSEEMSPEEVIKELQTRYPLIFSRVKKIAEYTLKLAKEKGYEKKHIELLEKFIEFLK,DP2_0838,7ox3_0P,7ox3,True,589d15f2a65212a91bc904d95b1afd9a,7ox3_0P
KEETIELLKDLIELLKEKIPKVDEETAKILKAGILDINFLLEYIEKEIDESTSPEEVIKELQTRYPLIFSRVKKIVEEALELAKKKGWKKEDIELLEKALEAFS,DP2_0839,7ox3_0P,7ox3,True,b75c7555794277e4cfd105783a5b4acd,7ox3_0P
SEEAKKKQIEEMKKMLEYLKELLKLTKDDEELKKKLQAGILDINFMLKIGSLKEVQTRYPLIFSRVKKIIEYLKKKKEELSEEAKKEVEKAIESFEKMEKIAEE,DP2_0840,7ox3_0P,7ox3,True,df57ce8f8811ee3b132041a966afc861,7ox3_0P
SKEAQEKIQEEFEKMLKYLQEIKKLLKEDEELKKIVEAGILDINFMLEIGSLKEVQTRYPLIFSRVKKIIEILKKEKEKLSEEVKELVEKAIEEWEKALEIAEK,DP2_0841,7ox3_0P,7ox3,True,a567d41fee5925fb2a09e0d55f0344d4,7ox3_0P
SEEAKKKQIEELNKLRDYLIKLKELLKDDPELKKKVEAGILDINFIIEIGSLKEVQTRYPLIFSRVKKIIEYLKKIQPKLSPEAKEEAEKAIESWEKALKIAEE,DP2_0842,7ox3_0P,7ox3,True,a3be625b352720712a20400840d7495f,7ox3_0P
MVEELKKLREELEKKLKEIKKELPLTPEVKKLIEIVEAGILDINFLIEIGSIKEAQTRYPLIFSRVKKNLDEAEKQAEKFVKKGYKLMEELLKIIKKIKELLEK,DP2_0843,7ox3_0P,7ox3,True,8dd3568278a6624ea33d8dbb1f866ce2,7ox3_0P
EEAKEKIINKVNEKFREIAEKAGLPEDIIEAGILDINFLIEKLLEEFKSVDFTPEEAIEFAQTRYPLIFSRVKKILELIPNAEENLKELFELFVEERKKEAKKK,DP2_0844,7ox3_0P,7ox3,True,50f4e3995638e8e41cb5a1a2517f0d79,7ox3_0P
EESKKKIIESVSNLFREKAKEAGLPEEDIKAGILDINFLIEKLLEEFKSPDFTAEEAIEFAQTRYPLIFSRVKKILEKIPNADEVLEELFTLFVNLRKEEAEKE,DP2_0845,7ox3_0P,7ox3,True,8e6a2fa429162d8ba658d26f7e719fca,7ox3_0P
ELKKKLEEIKKKLLEKIEELEDEEIRELAEAGILDINFLFEKALEEQKKNKLSKEELLKLLQTRYPLIFSRVKKILEELREKGYEELAELMEELFETGLEYVVS,DP2_0846,7ox3_0P,7ox3,True,4823c227b7d61d2286a87851dc2fe109,7ox3_0P
SLKEKLEEISKKLEERLEELEDEEVKELLRAGILDINFLLKEAKELQEKEKVSKEELLKILQTRYPLIFSRVKKILETLKELGLDEEAKLLEDLFNAGLELVVS,DP2_0847,7ox3_0P,7ox3,True,80c6ef52ee021e8d14f4517ab289aed4,7ox3_0P
SVELMLKTIRDYYIELFLSSEKLTEEEKEAGILDINFLLEKVKEELKDVPPEDVLKKFKELSQTRYPLIFSRVKKILEKVAKELGITLEEIEKEIQEKILEKMS,DP2_0848,7ox3_0P,7ox3,True,5396632743f928e3d7b2ded0733e78a1,7ox3_0P
SVEKMLKIIFDYYKELFESVPTLTEEEKEAGILDINFLLEEAKEELKDVKPEDVLDKLKELSQTRYPLIFSRVKKIIDKVAKELGITREEIEKGIKEKILEEMS,DP2_0849,7ox3_0P,7ox3,True,694acc027ca1f2e98dc4e701ba6742f0,7ox3_0P
SIELMLNTIFEYYKELFESVKSLTEEEKEAGILDINFLLNEVKEDLKDVKPEDVLDKIEELSQTRYPLIFSRVKKILDKVAKELGISMEEIREKIKKKILEKMS,DP2_0850,7ox3_0P,7ox3,True,827979cdd9e50a883a05162b84012681,7ox3_0P
MVEKMLKTIRDYFIELFNSVKSLTPEEKEAGILDINFLLEKFKEELKDVKPEDVLDKLIELSQTRYPLIFSRVKKILKKVAKELGISMEEIIKKIKEKILKEMS,DP2_0851,7ox3_0P,7ox3,True,bab2fb6fb4925a5850b506bd5e203667,7ox3_0P
MIEKALKVIREYYEEKFKSVKKLSEEEIKAGILDINFLLNEVKKDLENVKPEDVLDKIEELSQTRYPLIFSRVKKIIDKVNKELGITREELKEEIKKKILEEMS,DP2_0852,7ox3_0P,7ox3,True,2121017ea089dc306e7ce8f07b4e69f7,7ox3_0P
DLAKVLVLKKLLEDPNTTVDEIAKAAELARSLLSPAGILDINFLVEKMSGKTVSEVQTRYPLIFSRVKKEVDKVLEELKKEHKENLEEYEKEAEKLLKELREEM,DP2_0853,7ox3_0P,7ox3,True,6775a2cd6a483e04ddbb3fd35574a474,7ox3_0P
VEETQKLLDEIRKLLEEVKKIAEKEGEEELAKIAEAGILDINFLKETMPNETLATIQTRYPLIFSRVKKTLEIVKEYAEKKGEKELLEKAEKLIKKLEEMEEAA,DP2_0854,7ox3_0P,7ox3,True,23fb80333283bdda637cc248219e862b,7ox3_0P
VEKTRELLERLRELFEEAKKIAKKEGNEEMAKRMEAGILDINFLMETMPDATLAEIQTRYPLIFSRVKKTLEEAKKYAKKLGNEEMLKKWEELIKEIEKLEKEA,DP2_0855,7ox3_0P,7ox3,True,e127418118d10cd9eca20d24e6225bce,7ox3_0P
VEETRKLLEELRKLFEEALKLAKKEGNEELAKKAEAGILDINFLMETMPNATIEEIQTRYPLIFSRVKKTLEEILKYAKKKGNKELAEKAEELKKKLEELEKES,DP2_0856,7ox3_0P,7ox3,True,82bc39b361121fa5df31fb418a7d60b6,7ox3_0P
DTDKLLEETKKTFEEFKEFLEKKGLLTPEEKERIDAGILDINFLIETAKGKSLKEIQTRYPLIFSRVKKTLEYLAKLAEKYKKYYPEESTKLLEKIKKLIKEFD,DP2_0857,7ox3_0P,7ox3,True,780b08f9604ef02f414be2562653b8d1,7ox3_0P
AAEETKQTLEELKKLLEEFLKHEKSLDEETKKKLEAGILDINFLLENAEGLTVEEIQTRYPLIFSRVKKILKFAKKKLKELQKKDPEWYQEKLEKLEEIEKKLE,DP2_0858,7ox3_0P,7ox3,True,ea766b8b088bcee49aef185d6148afa4,7ox3_0P
EAEKTKEVLEELKEIIEEFLKRNKELSEEEKEKLKAGILDINFLLEKAKGLTVEEIQTRYPLIFSRVKKTLDFLIEKLKELKPKDPKYYSELLEKAEKIKKELE,DP2_0859,7ox3_0P,7ox3,True,f5f6bb3fce03a8649425fb2d0030c27c,7ox3_0P
KEELEKKLKEAKEEFKKVREAGILDINFIAEKFKDSPKYPELKKLIEEMKKNEEKAIENMKKIVELTEKEAQTRYPLIFSRVKKNIEELEKLKKEIKELEKKLK,DP2_0860,7ox3_0P,7ox3,True,c1913335c642e05040b3f221ea73064b,7ox3_0P
KEELEKELEKAKKEFEEVKKAGILDINFIIEKFKDSEKYPEAKKLLEEMKKNKETFIENLKKFIKLFEKEAQTRYPLIFSRVKKIKEELEKLEKKIKELEEKLK,DP2_0861,7ox3_0P,7ox3,True,5589d7a656729f300c159dc8be692782,7ox3_0P
KKEILEKIEKLEKEYEELKKAGILDINFLLEKTKKINKEYAKELEKLKELLEKGADFEEIEKELEKIKEYVQTRYPLIFSRVKKNIEEMKKIEEEIKKLKKELE,DP2_0862,7ox3_0P,7ox3,True,022a10a24273f686c5689b8fffd9da32,7ox3_0P
KEELLKKIEEKEKELEKLKEAGILDINFLKEEAEDIDEEIAEKLEELLEAVKEGAKFEEIEKLLEKVKEYVQTRYPLIFSRVKKNLEEMKKLEKEIAKLKEELK,DP2_0863,7ox3_0P,7ox3,True,939baddffae42cab26a1684614ac1cea,7ox3_0P
MKELLEELEKLKKEKEELKKAGILDINFLLKKAEEEGLEEIAKLLKELLKALKEGDLKKAKELLKKIEKYTQTRYPLIFSRVKKNLEKLEEIEKRIEELEKKLE,DP2_0864,7ox3_0P,7ox3,True,a33ea9893b13bc4ae92974f6bd55a7d2,7ox3_0P
MEEILKEIEELEKEKEELKKAGILDINFLKEKAEEEGLEEIAKLLEKMLEALKKGNLEEAEKLLKKIEPYVQTRYPLIFSRVKKNLEKLKELEKKIKELKEKLK,DP2_0865,7ox3_0P,7ox3,True,4d1d77dcb1a2722e3ea448a513d5a136,7ox3_0P
AAALAAELAKLKAELEEKVEAGILDINFLMEKINVPEEIIEKFNKLLEEGKKREALKTFLELLSPELKEEFQTRYPLIFSRVKKLSEEIDKLEKKIKELEEKAA,DP2_0866,7ox3_0P,7ox3,True,2c7e09c3a50591b19c12d55363a1c311,7ox3_0P
MEEIKKKIEELKKKRDELIDAGILDINFLIEKIDIPEEIKKTFEELLKEGNKEGALFKFWELLSEELKKEIQTRYPLIFSRVKKNIEEIKKIKEEIKKIEEELK,DP2_0867,7ox3_0P,7ox3,True,69ee11ae127f36958471fe976bb276ed,7ox3_0P
SSEKLEELIKALEKLKKLAKELGLEEKAKIFEAGILDINFILEIQKKEGISLEETLKLMQTRYPLIFSRVKKILEEAKKFAKELGLKEKEKIFEEFLKLIEEAE,DP2_0868,7ox3_0P,7ox3,True,f0b27864e62444fdd6b5ae4dd01071f1,7ox3_0P
SSEKLEKLIKTLKELEKEAKELGDEEAAKIFEAGILDINFILKIQKEKGIDLETALKEVQTRYPLIFSRVKKILEEALKYAKELGDEKAAKVFEEFLKLIEEAE,DP2_0869,7ox3_0P,7ox3,True,1257f768ee4663cff20b779c97dc9b96,7ox3_0P
SSKKLENLIKTLKKMKKKAKEEGYEEEAKIFEAGILDINFILEIQKKLNISLEETLKLMQTRYPLIFSRVKKTLEEALKYAKEKGYEEEAKIFEEFLKIIEEAE,DP2_0870,7ox3_0P,7ox3,True,78bb0a8b4249d839466ce7c6408b3a49,7ox3_0P
SSEKLENLIKTLEKMAKEAKKLGYEEEAKKFEAGILDINFMLEIQKEKGIDLETLLKEMQTRYPLIFSRVKKTLEYAKEEAKKLGYKEEEKIFEEALKIIEEAE,DP2_0871,7ox3_0P,7ox3,True,ee9c3a642ee9aa88e751bb433d796231,7ox3_0P
SLEKLENLIKSLEKLAKKAKKLGDEEEAKKFEAGILDINFILEIQKELGISLEETLKLVQTRYPLIFSRVKKSLEEALKYAKELGDEEEAKIFKEALELIEKAE,DP2_0872,7ox3_0P,7ox3,True,93cc73c6967a73c34e6ba4e426ae2b5c,7ox3_0P
ASELLENMLENAKKLLEIAKKEGNEELAKILEAGILDINFLLEEIKKLNLSLEEAYKYFQTRYPLIFSRVKKVLETLKEKRPELSEEAQKQLDKLLENWKKFES,DP2_0873,7ox3_0P,7ox3,True,e0c8fffe90dcbbd60ac8c3d88a0e7968,7ox3_0P
ASELLEKLKEHLEKLKELMEKEGKEEDAKVLEAGILDINFLLEIQKKLNLSVKEAYEYFQTRYPLIFSRVKKIFEYLKEKYPEYSEEAQKEIDEALKVWKQFEE,DP2_0874,7ox3_0P,7ox3,True,a980bb4bb6c5899fb796371b0884a5eb,7ox3_0P
SQQELLDTFEEAKEVLKELAKKSTPEEKKIYEAGILDINFLIEIAKKLKLDAESIIKYLQTRYPLIFSRVKKTLEFAEKRLKKENTEEAKKYLEVFKKLKELLE,DP2_0875,7ox3_0P,7ox3,True,72c26f935540a40f21e7f7cfd322e6cf,7ox3_0P
AAAEAAARAALLAALRAATRRYLETLRANPLLSPAGILDINFLLELMEKDPSLTRADLQTRYPLIFSRVKKEVAKMRKKLSEEERAELDALEAEIEALEAQLAA,DP2_0876,7ox3_0P,7ox3,True,cd4b192c453560ded8cb74947baa237c,7ox3_0P
MEELEKKREELKKKLREAFKKLLELLLSNPLMSEAGILDINFLLEELEKDPDLNRKSFQTRYPLIFSRVKKEVKKMMKKLSKEEREKYLKLEEEVEELEKQLEE,DP2_0877,7ox3_0P,7ox3,True,f01b5c04f42424ecb6fa71ce48ae65e4,7ox3_0P
SETLELLNELLEFFKEAKKFFEKLGDKEMAEIAEAGILDINFLKKKVEEDPSLTLEDLQTRYPLIFSRVKKSLEELKKWLEKLAPKYEEAKKLLEKLEKLLKKL,DP2_0878,7ox3_0P,7ox3,True,002f156fe469d83a2d790e2bea73e6c6,7ox3_0P
SETLELLKELLELLKKIKEFAKKLGDKEMEEIAKAGILDINFLLEEVEKNPSLTLEDLQTRYPLIFSRVKKTLEELKKWLKKKAPEYKEAQELLKEVEKLLKKL,DP2_0879,7ox3_0P,7ox3,True,f83b52ead649c8dcc226a7eff6d83995,7ox3_0P
METLKLLKEALELFQKIKKYAEKLGDEEMAKIVEAGILDINFLIEEVEKDPSLTLEDLQTRYPLIFSRVKKALEEAEKWLKEKAPEYEEAKKLLKEVKEIKKKL,DP2_0880,7ox3_0P,7ox3,True,06b1e644b6e64a76b07007d991a243cd,7ox3_0P
SETLKLLEELLDLLKKAEEFFKKLGDEKMAEIAKAGILDINFLLEKVKEDPSLTLEDLQTRYPLIFSRVKKSLEEIEKKLKELAPKYEEAKELLKEVKEILKKL,DP2_0881,7ox3_0P,7ox3,True,9fff2d0716de3ca14cfd61a5c0ed5fae,7ox3_0P
SETLELLDELLKLLKELKKFFKKLGLEEMAKKVEAGILDINFLKEEVLKDPSLTLEDLQTRYPLIFSRVKKILEEIKKELEKLAPEYPEAQELLKKVEEIIKKL,DP2_0882,7ox3_0P,7ox3,True,d034445e30a1de24d6026129d8e0eace,7ox3_0P
SETLKLLEELLKLFKEVKKFFEKLGDEEMAKIAEAGILDINFLLEEVKKNPSLTLEDLQTRYPLIFSRVKKSLELIKKELEKKAKEYEEAKKLLKKVEELLKKL,DP2_0883,7ox3_0P,7ox3,True,ac26053a3a89b95382089f204615a36a,7ox3_0P
SETLKLLEELLKLLKEAKEFFKKLGKKEMEEIAEAGILDINFLIEEVKKDPSLTLEDLQTRYPLIFSRVKKNLEELKKEFKELAPEYEEAKKLLKKLEEIIKKL,DP2_0884,7ox3_0P,7ox3,True,45a01ec67de757cd25834bc280f946ae,7ox3_0P
METLKLLEELKKLFEEAKEFFKKLGKEKMAEIAEAGILDINFLLEEVKKDPSLTLEDLQTRYPLIFSRVKKSLEELKKELEKLAPEYKEAQKLLKKLKEILKKL,DP2_0885,7ox3_0P,7ox3,True,39a748cd2cf25b48668324569100dde5,7ox3_0P
SSLIKKRKELREEYFELLKKLLSHLSPEDREAGILDINFLEEELKKEGFTGSVSEAIKYFQTRYPLIFSRVKKHVEKALKVLSEEERKKIEEELEKLKKKEKEL,DP2_0886,7ox3_0P,7ox3,True,e0498c0eedfc0321122dfaa5f2883a81,7ox3_0P
EELKKKRLELREEHFELVLELLKTLDEESSKAGILDINFLKEILEKEGFTGSVEEALKYIQTRYPLIFSRVKKHLEKAFEKMSEEERKKVEKKLEELKKREKEL,DP2_0887,7ox3_0P,7ox3,True,b83d69cbf6ddb6136bed4192af417e86,7ox3_0P
SEEELKKLHEELIKTLKELGKKLGLPEEEIEAGILDINFLHDKILEELPKIPRSKFLELVQTRYPLIFSRVKKILEKYEELAKKYPETKPLYEKLKELLEKLLS,DP2_0888,7ox3_0P,7ox3,True,28c677d719af86c6163c1aa77ab4b2f6,7ox3_0P
EKEELLEINKKLIETLKELGEKLGVPEEETEAGILDINFLVEEILKELPKIKKSEFLKYIQTRYPLIFSRVKKILDKLKKLAEEKPETKPLYEKTVELLNKLLS,DP2_0889,7ox3_0P,7ox3,True,ce8dd8274c3ce69aa5d09685482ba7a8,7ox3_0P
REEKIEELRKKILEKLEKLKEKYPELKELIEAGILDINFLFEEALKIREGKTKEEIIEILQTRYPLIFSRVKKFLDLLKSLDEETKKAAEEIEELIEKFLEELS,DP2_0890,7ox3_0P,7ox3,True,b5339313b0a7cd1d03766ee400b558ef,7ox3_0P
NQEKIDELKNKILATLKELAEKYPELKEEIEAGILDINFLLEEAEKIREGKTKEELKEILQTRYPLIFSRVKKFLDKLKSLDPESKAAAEEIEKLIDEYLEELS,DP2_0891,7ox3_0P,7ox3,True,4eebc5b3390d9e615981d7cb72de469d,7ox3_0P
MNEYLKFLEGLKKLLEELKPKLDPELQKVADAGILDINFLIEETKSLPDSISYEEALKIIQTRYPLIFSRVKKVLKLLEEKLPEFKKRLKEMKEKIRAEIEKEK,DP2_0892,7ox3_0P,7ox3,True,d3bb1844fb436293a22136aa2005315a,7ox3_0P
MNLYGKYLEGLKELLKEILPTLSPELQKIAEAGILDINFLIEEVKTLPETTSYEEAKKIIQTRYPLIFSRVKKILEKMEKALPEFKKRLKEMKKKIKEEAKKEA,DP2_0893,7ox3_0P,7ox3,True,a3f199851b3082d747e69bc234261871,7ox3_0P
EINLKINLAHLEIRKEIFELAKPYLPEEETKAGILDINFLKEEILKEKFTGSLEETIKYFQTRYPLIFSRVKKFEEKIKTLPKEKVEELEKKKKEREEKLKKEI,DP2_0894,7ox3_0P,7ox3,True,40a24b7b245e23d021201db78f99e510,7ox3_0P
SINLKINLAYLDILIEIFKMAKPYLPEEITEAGILDINFLKEELIKENFTGSLDEMIKYFQTRYPLIFSRVKKIFDKIKELPEEVVEKLKKYFEEKIKKLKEEL,DP2_0895,7ox3_0P,7ox3,True,440e3e82bc5a42fc304d6fa81f46cb79,7ox3_0P
EKEELIKRLKETLDAGILDINFLRDEFKENEEFTAILNKMLDLAKKMKEAIDKGDIEKAEELLKEMEELFTPELEKEVQTRYPLIFSRVKKNLEESKKILEELK,DP2_0896,7ox3_0P,7ox3,True,850d560419f5c78c6d2caaae5efc2bd9,7ox3_0P
EKLKEEIKKKIEAGILDINFLIEKLKKEYKDDPKMQEIIKKAEELLKEIKELSKKGISLENLKKIAEKLKEFIKLIEEWAQTRYPLIFSRVKKILEELEKIIKE,DP2_0897,7ox3_0P,7ox3,True,7a754623e5fa6d9f0b381d7c65154e70,7ox3_0P
EEELKELKERFKEALEAGILDINFLVEAGLEEIKEEVEELIEKIKEALEKGEFEEALKYFEEALKLIEEKVGEWVQTRYPLIFSRVKKLLEEMKELYEKIKKLE,DP2_0898,7ox3_0P,7ox3,True,bfe20ccad6dde045d8f509d85720f6df,7ox3_0P
KEEELKKLKEELKKKFEAGILDINFLLEKLKSELSPELLEKLEKLLKNILENKEDYEKRIENFKKFLELLPELAQTRYPLIFSRVKKNLKEMEELLEKIKELEK,DP2_0899,7ox3_0P,7ox3,True,d2b8be0b0f349188ffe499297497b80c,7ox3_0P
MKELEQKLKELKKEYEEAKKAGILDINFLAEKSDEETKKLLNELREKLLKEKELTEELKELADKFFKSSKEIQTRYPLIFSRVKKNYEKMLELQKKIEELEKEK,DP2_0900,7ox3_0P,7ox3,True,0729e8e86a8b5f4d1db4f30581f31bd9,7ox3_0P
SELEEKLKKLKEEFNKKIDAGILDINFLLEQSEEEYKPIFQEMLDKLKKAKETLSLEDLEEAEELLKKIEPYVQTRYPLIFSRVKKNLEEAKKLLKEIKELEKE,DP2_0901,7ox3_0P,7ox3,True,a5f32272647662af18964c3ba97d6a5e,7ox3_0P
MEEEKEKLLKELEEAVKAGILDINFLKEKLKSELSEELLEKIEKLIEELLKNKEDYEKQLEYFEKILELLPELAQTRYPLIFSRVKKLLEEIKELLKKLKELEA,DP2_0902,7ox3_0P,7ox3,True,0ab1bed50ca137763bef17f3f2b35d3c,7ox3_0P
REEEIKKLKEEAKKAIEAGILDINFLLKEEEKINKERAEILKEILEILKEMLEEGLDEEKLEEAEKLLEKVAEYYQTRYPLIFSRVKKNLEEIKKLLKKIKELE,DP2_0903,7ox3_0P,7ox3,True,3822ded9bd28f53aacd36221a8746783,7ox3_0P
SEREEKLKKLEEEFKKTLDAGILDINFLLEKSSEEYKPLLQEMLELLKEAKETKSLENLKKAKELLEKIEPYLQTRYPLIFSRVKKNLEEAEKLLKEIKKLKEE,DP2_0904,7ox3_0P,7ox3,True,48cf178c6c1ed210975e93cbcc05d933,7ox3_0P
KEEEIEKLKKELKEALDAGILDINFLYKEAKKTNKKIAEILKKALEAAKKIKEGGPEEELEKLKKLLEEVEPYWQTRYPLIFSRVKKNLEKIEELRKKLKELEA,DP2_0905,7ox3_0P,7ox3,True,873a1e0236cacc983acba6ff58c152c6,7ox3_0P
SEFQKLLKELLEKFKKLLELLLKDPRVSEELKETVEAGILDINFLIEKGIQSAEEAQTRYPLIFSRVKKVIEELRKRLPELAKRNPEAAEVAKEAIEIFDKILE,DP2_0906,7ox3_0P,7ox3,True,8b8d5819b3beb64db4409eba117c2bc3,7ox3_0P
SELKKLEEELLKKLKAGILDINFLLEELIKEGYKEMEPLLKLVKELEEKLEELNLEEKEEVLKTLEEIAEKVKEWAQTRYPLIFSRVKKNLEEAKKLLKKIKEL,DP2_0907,7ox3_0P,7ox3,True,3f0cc1507c529f35ac74fbb7de8ec8a8,7ox3_0P
SLLEKLKKEKEEVIKAGILDINFLREEIEKEAEKTGNEKLKEMAKEIKELIEKIKKNPETALEQFKKFIEKFSEYFQTRYPLIFSRVKKNAEKLEKIEKKLKEL,DP2_0908,7ox3_0P,7ox3,True,65530c62fdc51fdeb367688b284aad52,7ox3_0P
MEEIEKLRKELLELLDAGILDINFLQQELGLPLQPIIELLQQARELLEKDPSALEEIQKLIEEARELLEKYAPEIQTRYPLIFSRVKKNLDEIEKLVKKLIELS,DP2_0909,7ox3_0P,7ox3,True,b3b1db164fbe4f06fdd2b9632ab53f01,7ox3_0P
SELEKLKEEMLKKIEAGILDINFLLEEAKKEGLKEIAKILEEMLELLKKLKEILDSPERKELLEKAEELLKKIEPYWQTRYPLIFSRVKKNLEEIKKLLEKLEK,DP2_0910,7ox3_0P,7ox3,True,0b9156c4d510a7076e06b4984cd3af3e,7ox3_0P
NEKLKKLKELKEKLKKIIEAGILDINFLYKKKSKELYEKFKKNLKKMKKEKKPDKEILEYLKKELKKIEKWAQTRYPLIFSRVKKNLKEAEELLKEIEKLEKEL,DP2_0911,7ox3_0P,7ox3,True,76893f5018c1c15809ec7a6b97e43aee,7ox3_0P
SEELKKELEKEIEAGILDINFLLKEAEEEDEEIKELLEKILELYKEMLKLLKEGKELEELEKLLKKAKEELEKIKEWVQTRYPLIFSRVKKNLEKIEELLKKLK,DP2_0912,7ox3_0P,7ox3,True,769850a78784547529e1f06a34739dd9,7ox3_0P
SSEIEEKLKKLEEELEKAFNAGILDINFILKELGLYEEAEKVEKELKEAWKTDREKALKLMEEIIEKLKEEAQTRYPLIFSRVKKNLEKMKKLLEEIKKLKEEK,DP2_0913,7ox3_0P,7ox3,True,74dd449c7ae6f73b124f31284b10c42b,7ox3_0P
MEFQEKLKELRDTFEELLKKLKENPKVKEELIKTVEAGILDINFLIEKKIQSAEEAQTRYPLIFSRVKKVIDYLKEKLPELKKLNKEMAKLAEKAIEIFEEIEK,DP2_0914,7ox3_0P,7ox3,True,9ac88c2093432a9fed319ad33d15f09f,7ox3_0P
MEEKIKELKEKLEEKIKAGILDINFLVEEAMKEKGDEELKKLYEELLKLIKEKAPNEEILKKFKEILKKLEELGFQTRYPLIFSRVKKNLEEMEKLIKELKELE,DP2_0915,7ox3_0P,7ox3,True,770675b96b85bba599029052e7a29e78,7ox3_0P
SKFQEKLKKLNELLKELLELLKKLPEVSEELIETVEAGILDINFLIEKGIQSAEEAQTRYPLIFSRVKKIMEKLKEKLPELKKLNEEAAKVAEKALETFEEILK,DP2_0916,7ox3_0P,7ox3,True,48a9a6f5131b87ffc3e779c893175b66,7ox3_0P
KKEELKKRFEETLKAGILDINFIIEELKKIEEFKETVEKLEKLLKKIKEALKKGDYEKALKYFEEAVEIIEKEVGEYVQTRYPLIFSRVKKNLEELKKILKELK,DP2_0917,7ox3_0P,7ox3,True,df4e6d4337fbe271e6e2f7cd62fa27a3,7ox3_0P
KLEELLKKLKELEAEKKKKKEAGILDINFLGEEVKPLGEEYLQQIEAAKEALLTDSSTTLEKLSPELKELLQTRYPLIFSRVKKLVEEINKLEKEIEELKKKLK,DP2_0918,7ox3_0P,7ox3,True,f0a04efa8625cd84928b6aec182f8f23,7ox3_0P
SELEKKLKELKEELEKVIKAGILDINFLAKKISKELYEEFKKKLKKLKEEKAPYEEILKFLEEELEKIKEYAQTRYPLIFSRVKKNIEKAKELLKEIKELEEKK,DP2_0919,7ox3_0P,7ox3,True,8ec7cc8bd79e6ef065192188da498ca1,7ox3_0P
AEREKLLEEAKKTLEAGILDINFLKSEYPELVQPLLEEWKKLLELLEKIKEDESYLKKAKEELKKAKEQLEKVEETLQTRYPLIFSRVKKHLEKLEEILKKLEE,DP2_0920,7ox3_0P,7ox3,True,ff94febd1742832642c5a84e8414b30c,7ox3_0P
LAELEEELKKLKEELEKTKEAGILDINFLLEELKKEASPEKQKEIDERIAKNTPENLKKTWESISEEEKKYFQTRYPLIFSRVKKNLEKIEELEKKLKEIEEKL,DP2_0921,7ox3_0P,7ox3,True,b5765b5f23ad7012cc469f768fd112c0,7ox3_0P
MELEELEKRLKETLKAGILDINFLKEEAEKEGNEEIAKELEEMEKALKEMLKSKDLEEKKKLLEEAKKYLKKVEPYFQTRYPLIFSRVKKNLEEIEKLLKKLEE,DP2_0922,7ox3_0P,7ox3,True,7beeb9f842c83186fe975c8a59aff770,7ox3_0P
MEELEKLKKEYEEKLKAGILDINFLAEELKGDESSKLLKKAAEEITKYLKEGNYEEALKTLEELFKSLPKETIELIQTRYPLIFSRVKKNLEEMKKLLKKIKEL,DP2_0923,7ox3_0P,7ox3,True,0b806a4eede75a8d10e094a9e98484f8,7ox3_0P
SKKIEELKKKLEEAIDAGILDINFLLEKAKEEGNEEVAKNLQAMLDALKAFKAGEDKEKNLAKIEEQLKKIEPWAQTRYPLIFSRVKKNLEEIKKLLEELKKLE,DP2_0924,7ox3_0P,7ox3,True,dea353b8f0c5a0f2e4348680897b9ee6,7ox3_0P
SSEIIEKLYEKAEAGILDINFLIEEMKKDGLPEEKLKEIEKLYEEAKKLFEKMKKEGIKYLPELIKTFEKLLEKIKEYAQTRYPLIFSRVKKNLEEMKKLSKEL,DP2_0925,7ox3_0P,7ox3,True,af593f4acada6abb68a98b79a8766396,7ox3_0P
EKLKEEFLKTLKAGILDINFLLEEVEKLVSEEEKKSIKKVKEIVEELRKLIEEGAEFEELLKKFKEALEAIPESLKKLIQTRYPLIFSRVKKNKEKLEELLKKL,DP2_0926,7ox3_0P,7ox3,True,f7d048fee640bdb5e0726208184f53fc,7ox3_0P
SLEEELKKLEEELKKELEAGILDINFLKEKAKKEGDKETAEKLEKALEAAKKILEGKPYLEELKKYIKEVEEWVQTRYPLIFSRVKKNIEKIEELKKKIEELKK,DP2_0927,7ox3_0P,7ox3,True,be55cb9ccf8fe24395ea5692cd6f8c9d,7ox3_0P
KVKEKIEKIEKEIEKKFDAGILDINFLMKEAGVPEEEREKIMKELLELKKDKSKWPEALKLMKEILEKLKEYAQTRYPLIFSRVKKNIEEIEKLLKELKEIEEK,DP2_0928,7ox3_0P,7ox3,True,2cf97bd878d5ca1e3196ffcc6209ee38,7ox3_0P
SEKEEKILKIIEAGILDINFLIEKFKSELSEETLKEIEELYNNMKKLYEEMKKNGIQLENLKKILEDMNKIISLLEKLAQTRYPLIFSRVKKNSEELKKFIEEL,DP2_0929,7ox3_0P,7ox3,True,6326dbdf4867d9ab85940ca797d4322a,7ox3_0P
EKEKLIKELKKKIEAGILDINFLKEEFKEDKELTKLLEELLKLYEELKKLVEKEDKLEEAKKALEKAEKVLEKIKPKVQTRYPLIFSRVKKNLEEIKKLLEKLE,DP2_0930,7ox3_0P,7ox3,True,4c259f2178924c64e370d002068a3d2f,7ox3_0P
EEEKEKLLKELEEVAEAGILDINFLLDELLKEEKDEEKKKRIEEIKEKMEKLLKKSKVEAFFAAIEALTPEEKEWIQTRYPLIFSRVKKNLEKIKELLKKLKAL,DP2_0931,7ox3_0P,7ox3,True,4775c7ccb85592c46dd70f4a2852b790,7ox3_0P
SLEEKLKRLKELEEELEKERKAGILDINFLLEEAKKEGNEETAKLLEELKKAVEEGSEKAYELLEKLPKEVQTRYPLIFSRVKKNFEKIKKLKEEIEKLKKELE,DP2_0932,7ox3_0P,7ox3,True,3895c97d3355467afb14b3c1d03d6393,7ox3_0P
STEKKLKELKEKLKEAAEAGILDINFLKEKSNEEDKKILDEYKELVKKAVEKPLSEEEKKKLKELLEKIGKIYQTRYPLIFSRVKKNLELMEELEKEIEELEKK,DP2_0933,7ox3_0P,7ox3,True,ddea391c9944c4d63831958a439aa052,7ox3_0P
MSKEELKERLLKVLEAGILDINFLMKEAGVPQEEIDELNKLYEELLKEKEKPSFLEKAKELLKKMKELAEKLKEWAQTRYPLIFSRVKKNLEEAEKLLKEIEEL,DP2_0934,7ox3_0P,7ox3,True,00736bbb1ffc2879149d96809d47ea42,7ox3_0P
ATAAKLKELQERLKEKIEAGILDINFLISKSDEETAKKIQEILEKYQAALKAGDIEAAKKYMEELLKLLEPEAQTRYPLIFSRVKKNFEEIKKLQEEIAKLKAA,DP2_0935,7ox3_0P,7ox3,True,366ce0077d35c52fe3486c6a3f81b583,7ox3_0P
MSEEELKKELEKNLEAGILDINFLIEEAKDSPIKPILEKILENLEEALKYVKEGKLEEAEKKLKEAEKDLKKVESYLQTRYPLIFSRVKKNFEKIKELIKKLKE,DP2_0936,7ox3_0P,7ox3,True,4645af0cfd7cda662c59792a7b0506ea,7ox3_0P
SEKIKEEIKKKFEAGILDINFLVEEAKKAGIPEEKLKELEELLKELEEKYKKLDEGGIETYKEALKLMKKIAELLEEFAQTRYPLIFSRVKKNIEEIEKLLKEL,DP2_0937,7ox3_0P,7ox3,True,6c9cd44e4813f85d19fdb6041578c288,7ox3_0P
EEEKIKEELKKKIEAGILDINFLLKKHQKNKEISKLLKELLEAYKKLKENIDNLEKSKELLKEAEEILKKIEKEDKEAQTRYPLIFSRVKKNFEEIKKLLEELE,DP2_0938,7ox3_0P,7ox3,True,a74e5d8f1bfdb2500a57ea091f001189,7ox3_0P
SEKLEKAEKIIEAGILDINFLVKEYIKENPEKKEELEKLMEELKKKYEEAKKAPEEEKWKLFKEIYEIMKEIVKILEKFAQTRYPLIFSRVKKVLEELEKLFEE,DP2_0939,7ox3_0P,7ox3,True,60d40586f16d6896e2a0b930805ab681,7ox3_0P
MELEKEIKKLEEELKKLIEAGILDINFLLTKLGKSEEERKKIIEKLLENKESYEKMMKTLEEELSPEELKEIQTRYPLIFSRVKKNFKKIEELNKKLEEMKKKK,DP2_0940,7ox3_0P,7ox3,True,db67779b3c714bd7a3a06b222dc57787,7ox3_0P
EEKLEKIKKTLKAGILDINFLVEELGINDEELKELIKKAEEILKKIEEEDEEEKKKLLEEAIKLFEEALKLLEKYEEEIQTRYPLIFSRVKKIKEELKKLREEL,DP2_0941,7ox3_0P,7ox3,True,be031282027834f9c4dfee319183fd9e,7ox3_0P
KAELLEELKKALEAGILDINFLLEEAKKAGEPQEKLDALQNLLEAQEALLASPEPDEELLEKLKEAWKKFEELVGEWVQTRYPLIFSRVKKNKELILELYKKLK,DP2_0942,7ox3_0P,7ox3,True,431ef734ca014ece2faf107d545ab5a1,7ox3_0P
EKLKELKEEFEKKLEAGILDINFLLEKLKKENTPENKKLAEIAEKMLELYKNLKKNLNEEDLEKAKELLEKIKPYWQTRYPLIFSRVKKNLEEIEKLLEEIKKL,DP2_0943,7ox3_0P,7ox3,True,1932f1751b3767cf987453a7762e2b37,7ox3_0P
SALEEEFRAAAKAGILDINFLIEELEKLASEEEKKALEKVKEIVEEAEKLLEEGAPFEEILEKLKKALEAFPESLKKEAQTRYPLIFSRVKKNLETLEELLKKL,DP2_0944,7ox3_0P,7ox3,True,55e97d92add1ba11f6cb7d4efba35916,7ox3_0P
EKKKLEEEIKKLEEELKKAKEAGILDINFLKEEFEKEGNKENAEIAEKMLKAWKEGSKEVYEYLEKIEPYVQTRYPLIFSRVKKNLEKIEELEKKIEELKKKKE,DP2_0945,7ox3_0P,7ox3,True,21c362ab9dc251c605cc55c3e82d2d14,7ox3_0P
EKLEKLKKEFEKKIEAGILDINFLKEEFEKEGNKENAEILKQALEKLKKLPEVDLEEKEKLLKEIEKLLKKVEDYVQTRYPLIFSRVKKNLEELKKLLKEIKEL,DP2_0946,7ox3_0P,7ox3,True,b67427e17b18f500432be8074d9ba593,7ox3_0P
EEKKKLLEEMKKTIEAGILDINFLKSEYPELVKPLLEEMLKLKELVEKMEEDPSYLEEAEKELKKAKELLKKIEPVLQTRYPLIFSRVKKNFEKLEELIKKLKE,DP2_0947,7ox3_0P,7ox3,True,65e9b8aa112e2702e2ca3e8e695adf9c,7ox3_0P
SLEKEIEELKKELEEARKAGILDINFLVEKFKSELSKEDIEKINELIKKMEKGEETLEDILELKELLEKHEPLFQTRYPLIFSRVKKNLDKIIELMKKLEELEK,DP2_0948,7ox3_0P,7ox3,True,f0b493075a025b4b902ce2c14ac4371e,7ox3_0P
KEEEIEKLKEEAKKALEAGILDINFLRKETEKIDKELSKILEEALKKLKKMLEEGLKEELLEEVKKLIEKVSDYYQTRYPLIFSRVKKNLEEIEKLLKKIKELE,DP2_0949,7ox3_0P,7ox3,True,cb6265c5939f21f17253e69d0e8a14d3,7ox3_0P
KEELLEKLKEKVKAGILDINFLREKEKDKEVKEILDKMAEILSEFLSLPDEEQWKKLPEVVKELEELFEKLPEEVKKKFQTRYPLIFSRVKKVLEFLKEVSELI,DP2_0950,7ox3_0P,7ox3,True,11cb7e123ce0650eee4ae29be70f3d34,7ox3_0P
KEEELKKLLEEAKKELEAGILDINFLYEKSSEEIKPILEEMLNKLKEILEKGVENLTEEEIKELEELLKKIESYVQTRYPLIFSRVKKNLEKLRELLKKIKELK,DP2_0951,7ox3_0P,7ox3,True,90d919dcf2c8ef362684c862574f1e3b,7ox3_0P
DKEKKVEELLKTVEAGILDINFLREEFKDDEEFTKILDKMLELAEEMKKKIKEGDIEAAKKLLEEMEKLFSEELKEEIQTRYPLIFSRVKKNIEEIKELLEELE,DP2_0952,7ox3_0P,7ox3,True,a8fb36f2c1f29822e92765e8424167b6,7ox3_0P
EKELEKLKAEFKKALEAGILDINFLVEAGLESIKEELEKLIKEIKKALKAGDLEAALKKFEEALELIEKEVGEYVQTRYPLIFSRVKKNLEEMKKLLEEIKKLE,DP2_0953,7ox3_0P,7ox3,True,d96f786ab21c103b4a567ae6dd55ce74,7ox3_0P
EEEKKELYEIIEAGILDINFLIEKFKPELSPETLEKINELYERLKELYEKLKKEGPQLEYLKQIVEDMEKILELLKELAQTRYPLIFSRVKKNIEKLKKYIEEL,DP2_0954,7ox3_0P,7ox3,True,8d6be02d165f45c18056b26fbd311ae6,7ox3_0P
EEREKKLKELEKKYNEAIDAGILDINFLLEKSDEEYKPILQEMLNLLNEAKKTKSLENLEKAEKLLEKLKPYFQTRYPLIFSRVKKNLEEAKKLLEEIKKLEEE,DP2_0955,7ox3_0P,7ox3,True,446997552d00fcf50c7fc90b9bd92392,7ox3_0P
SEELKEEMLKELEAGILDINFLLEETKSISEENAKLLEEMLKLAKEMKKALKEGAELEELEKLLKKFEEKLKKIEEYVQTRYPLIFSRVKKNIKKIKELLEKLK,DP2_0956,7ox3_0P,7ox3,True,c78fc0fb4258078f24bf77281a5fe281,7ox3_0P
MEELLEELKKNVEAGILDINFLAKKEKDEESKKILNEMADVAKEFLSLPPEEQIKALPEVVKKLEELFKKLPKEVKEEFQTRYPLIFSRVKKFIEYLKEVSKKI,DP2_0957,7ox3_0P,7ox3,True,b498ecac8489a4156ef35142c676adce,7ox3_0P
EEEIEKLKEELRKSIEAGILDINFLKEEAEKEGNKEVAEELEKMLEALKAIEKGENKEENLKKIKEYLEKIEEWAQTRYPLIFSRVKKNLKEIEEILKKLEELK,DP2_0958,7ox3_0P,7ox3,True,e9d696c0df957ed47dd304ebdd466f3a,7ox3_0P
EKEKIIEELKKTIEAGILDINFFKEELKDNKEFTKILNEMLELLKEMKKEIEEGNIEKAKELLEEIEKKFTPELKEYIQTRYPLIFSRVKKNLKKIKEYLEKLE,DP2_0959,7ox3_0P,7ox3,True,55da140c9c583bb4d3863583e1d07eef,7ox3_0P
MKKKIEELKENIKAGILDINFLREEEEDEEVKKILDEMAKILEDFLKLPDEEMIKKLPEVVKKLEELFEKLPKEAIERFQTRYPLIFSRVKKILEKLKEAAKEF,DP2_0960,7ox3_0P,7ox3,True,5876256ddd9436f1a1dd0f50268211a2,7ox3_0P
EKLKKLLEELKKTLEAGILDINFLLEEAKKEGNKEIAELLEKLLNALKEFLKSTDLKEQKELLKKAKEYLEKIKPYFQTRYPLIFSRVKKNLEKIEKLLKEIEK,DP2_0961,7ox3_0P,7ox3,True,14aaba6e6ee156208a39dc48ad104664,7ox3_0P
EKEKKIEELEKEVEAGILDINFLKEEFKENEELTKLLEELLELAKKLLELIKKKDKIEEAEEVLKKAEEVLKKIEPYVQTRYPLIFSRVKKNLEKIKKLLKELK,DP2_0962,7ox3_0P,7ox3,True,f04126e3adad722806a3c3844c966f8b,7ox3_0P
EEKEKLKEELKKNLKAGILDINFLLKDPEFNSENIKELLKNYEEALKLVEEGAPVEEIQKKVEKAEELLKKEEPKIQTRYPLIFSRVKKNLEKIKELLKKLKEL,DP2_0963,7ox3_0P,7ox3,True,33142d6dfa26eae7d351098b790a91b8,7ox3_0P
LEEKLKKLKKLKEELKKKLEAGILDINFLAEELKEDKKVQELMKKIEEAKKISDEELLKEMKEFAEYTEKEWQTRYPLIFSRVKKNLEEAEKLRKEIKKLEEEL,DP2_0964,7ox3_0P,7ox3,True,cba46228bbedf2ce5333336664fe3a7f,7ox3_0P
SERKKKIEELKKKREEKIEAGILDINFLREKSKDPEIKKLLDEMLENLKKIKEGDLSVIPNLEENLKKVEKYWQTRYPLIFSRVKKNIEEIKKLIEEIEKLEKE,DP2_0965,7ox3_0P,7ox3,True,71da9bbdeccd06e94ea891d97ea68b54,7ox3_0P
MLEKEIKELEEKLKEKREAGILDINFLLEEFEEELSEEDIEKLKELIEKIEKGEETLEDLEELSELLEKHEELFQTRYPLIFSRVKKNLEEMKEIMKKLEELKK,DP2_0966,7ox3_0P,7ox3,True,973d20079aac6dd4d05d29be69c70703,7ox3_0P
SEELKKLKEKLKKKLEAGILDINFIIEKLKKEGKLTEEELEKFKEMKELAKKNTLEDYKKALEIMKELVESIKEEWQTRYPLIFSRVKKNIEEMEKLLKKIEEL,DP2_0967,7ox3_0P,7ox3,True,7f25ec9033e213001c540cac764ad1e8,7ox3_0P
EEEIKKLKEEFKKKLEAGILDINFLIEKGLESIKEELEKLIKEIKKALKEGKLEEALKYFKEALKIIEEKVGEEVQTRYPLIFSRVKKNLEEMEKLLKKIKELE,DP2_0968,7ox3_0P,7ox3,True,4394cca069594f679e08caff50241c63,7ox3_0P
EKEKIIKELKELIDAGILDINFLKKEFKENKEFTEILEKMLELLKEMKKKIEEGDIEEALKLLEEFEKLLTPELEKEAQTRYPLIFSRVKKNIEKIKELLEKLK,DP2_0969,7ox3_0P,7ox3,True,78b4b8a9612afec02cebbc034da8d78a,7ox3_0P
SLEELLKKIKELKEEKEKAKEAGILDINFLKEEVKSLGEEYVEAIEKALEALKTDASTTLSQLPPELKEYLQTRYPLIFSRVKKLNEKILELEKKIKELEEKLK,DP2_0970,7ox3_0P,7ox3,True,8a0e6babd733077cce4a2a7523c84766,7ox3_0P
SELEKKIKELKKELEKLIKAGILDINFLLKKLGKSEEERKKIIEELLKNKESYEKMMETLKKLLSEEEIKEIQTRYPLIFSRVKKNFKKIEELNKKLKELEKKK,DP2_0971,7ox3_0P,7ox3,True,85cd89ccce5a2ca4c1dfc7f02169ea16,7ox3_0P
EKKKEEEEIIEKIKAGILDINFLAEELGDEELQKKLKELAKRLEEVEEKGDEEELKEVVKELEKLMKELIEKYGEEIQTRYPLIFSRVKKILKYVEEKIKEWEE,DP2_0972,7ox3_0P,7ox3,True,e48ff0b2aa3be92f265a64b285b63baf,7ox3_0P
EEEKIEEIKKKLEAGILDINFLLEKAKEEGLKETAELLEKLLELLKELEKALKEGKLEEAKKLLEKAKEVLEKIKPYVQTRYPLIFSRVKKNLEEIEKLLKELA,DP2_0973,7ox3_0P,7ox3,True,8be8a055c30ff6181927a293afad40e5,7ox3_0P
MEERIKKLEEEMKKEIEAGILDINFLLEKEKPINEERSKILKEALELLKKMLKEGLKEELLEKVEELIKKVESYYQTRYPLIFSRVKKNLENIRKLLEEIKKLK,DP2_0974,7ox3_0P,7ox3,True,59b57533eaae6d832ebcb97e71c8d194,7ox3_0P
EEEKLKEELKKNLDAGILDINFLLEKAKKEGNEELAKILEEILELYKKIKEELDKDLEKAEKLLKEAEEKLKKIEPWAQTRYPLIFSRVKKNLEKIKELLEKLK,DP2_0975,7ox3_0P,7ox3,True,4355df3b1ab5277ea4c30feafe5e849e,7ox3_0P
MDKLEKVKKELEKAIKAGILDINFLAEALKESDPEAAKELKAAAEKLEKAREGDLETLEKEIEELEKLLEKYSEIFQTRYPLIFSRVKKNIDEIKKLIKELKKL,DP2_0976,7ox3_0P,7ox3,True,4d8329f3202bc32766b097c37421d499,7ox3_0P
KEREEELKKVIEAGILDINFLIEEMKKEYSDNEEMQKIVKEAEELLKRIKELLKKGLSEENLKKIAEDIKKFIELIEEWAQTRYPLIFSRVKKILKKIEEEIKK,DP2_0977,7ox3_0P,7ox3,True,5d2914d250bf780c282cec2e73ee42db,7ox3_0P
KEEEIKKYEEELLKEFEAGILDINFLLKEIDPSAKEKIEELEKLYEEAKKSSLEKKEKLLEKMKKIAEEIEKEAQTRYPLIFSRVKKNLEKAEELLKKIKELEK,DP2_0978,7ox3_0P,7ox3,True,a6299527e9f307beb269f25aa6a6d919,7ox3_0P
EEEKKKEKLKKLLDAGILDINFLYKEAKDEEIKKLLKEMLDNLKKAKELLEKGGPIKEIKAELEKAEENLKKIEEYVQTRYPLIFSRVKKNLDEAKKLVEELEA,DP2_0979,7ox3_0P,7ox3,True,e528e38ee7712a1b16b6e8c73a8a368c,7ox3_0P
KEELLKKIKELEKEFEEVKKAGILDINFLYEKLKSKLSEEEKEELEKLIKEMKEGNVIESMKKIYEILKEEAQTRYPLIFSRVKKNIEELEKLEKEIEKLKKEL,DP2_0980,7ox3_0P,7ox3,True,47c3ad48b0a6ddc8be616d1d94360cd1,7ox3_0P
KLEEIEKKLEELKKEMEKLREAGILDINFLIKEAKGESPELVKELEKLLEALKEGNLEKAEEYLEKIEPWVQTRYPLIFSRVKKNIEELKKLKEEIKKIEEELK,DP2_0981,7ox3_0P,7ox3,True,3d31e7f0feda9a3d235b2b875b3cf117,7ox3_0P
KEEEIKRLKKALEAGILDINFLLEEAKKEGNEELAKLLEKLLEALKKAKEAVKEGKLEEAKKLVEEAKKLLEKIEPWVQTRYPLIFSRVKKNLEEIKKLLEKLE,DP2_0982,7ox3_0P,7ox3,True,2344b9d224167156e8bc245ed4334454,7ox3_0P
MELDKKIEELEKELEKLKKAGILDINFLKKEFEKEGNEKEAKELQKALDLLKAGEPVEKIEAAFSPETKKLAQTRYPLIFSRVKKNLEEMKKLEEEIEKLKKEK,DP2_0983,7ox3_0P,7ox3,True,37193325f66738d0837cf271090b25a5,7ox3_0P
EEKEKKLLEKLEAGILDINFLAEEIKKETKNEEIAKELEEWVKKLKEELEKYKEGNKLESLKKLKELIEKFIKKYEKYYQTRYPLIFSRVKKTLEIIEKEIKEL,DP2_0984,7ox3_0P,7ox3,True,c178fe94b84cdce3243527b98fa936eb,7ox3_0P
ALEEVKKRIEELKKEIEEARKAGILDINFLIEEAKGVSEELVKNLKKLLEAFKEGNLEEAEKYLKKVEPYVQTRYPLIFSRVKKNLEKIKELKKELEEIEKELA,DP2_0985,7ox3_0P,7ox3,True,0e61052d986867a508b0b4c2419e1d41,7ox3_0P
EEKIKKLEEELKEKLKAGILDINFLYEKETDEKIKELLKKMLELLEKALKSENLEEKLKLLEEAEKLLKQIEKYYQTRYPLIFSRVKKNLKEAKELLEELLKLE,DP2_0986,7ox3_0P,7ox3,True,7d6ec68e1b5d27b0932002c72d38aabc,7ox3_0P
KEKEIIERLEKLLEAGILDINFLYEKAKDKEIKEKLKKALKHLKEAKKLIKKGEELEKIEKELEKAEKELEEVKEYLQTRYPLIFSRVKKNLEEAKKLIEELKK,DP2_0987,7ox3_0P,7ox3,True,42aa4e6906ed4dfe807b6be15e27c39f,7ox3_0P
SSLEKLLEELKKTIEAGILDINFLLKKAEEEGNKEIAELLKKMLEALKKMLESEDLEEKKKLLKEAKKYLKEIEPYFQTRYPLIFSRVKKNLEKIEKLLKELEE,DP2_0988,7ox3_0P,7ox3,True,371e1c7f9641d43fae28356751db4130,7ox3_0P
ELEKKLEELKKEIKKAIEAGILDINFLAEELKLEELKKLLELYKQYEKKIDEPEAEELLKKAEELLEKIKPEVQTRYPLIFSRVKKNLEKIKKLREEIKELKEK,DP2_0989,7ox3_0P,7ox3,True,df1e3dd59ea99b5dd251f251ed9c89e1,7ox3_0P
MEKLEEIEKLKKELEKLKKAGILDINFLLDVFKKEEKNEEFAKKLEEILEAWKESVEKAKELIEKNKEVAEYVQTRYPLIFSRVKKNMEEILALEKELEKIEKE,DP2_0990,7ox3_0P,7ox3,True,d3e5352970a09203503a69e91ff2cd71,7ox3_0P
MEEKLKKIEELKKEKIEKIKAGILDINFLVEKMGDEELLKEVKKAEKLLKEGKLEEAKKLMKEIVEKIKEYAQTRYPLIFSRVKKNLEKIEELEKKIKELEKEL,DP2_0991,7ox3_0P,7ox3,True,a504cd5ee8baf1332026c48827c38218,7ox3_0P
KEKEEKLKKLLEEYKETIDAGILDINFLLEKAPEEYKPKLQEMLELLKKAKETLSLEDLEKAEELLKELEPYFQTRYPLIFSRVKKNLEKAKELLKEIEKLKAE,DP2_0992,7ox3_0P,7ox3,True,f80bbad9c9bca8b9d37292a96003b2fc,7ox3_0P
SEREEEFKKLLEAGILDINFLKEELEKIYKETGDEEYKELLELATEILKLFKELLEASEEEKPELLKKAEEKLKEIEPYAQTRYPLIFSRVKKNLEGLKELLEE,DP2_0993,7ox3_0P,7ox3,True,83cc3cd54407fa1f3b31fc14c4bec3f1,7ox3_0P
KLKEEKEREEKLEKIMEAGILDINFLLEKLPESYEPLREYFKEKLEKMKTANLEEKIEIMKEMAETFIEKVGEWAQTRYPLIFSRVKKILEELKKELEEIKKKK,DP2_0994,7ox3_0P,7ox3,True,8a08e8cf5fdd0ae59c8207800a30aa30,7ox3_0P
EERYKELIELIKAGILDINFLIEEAKKEYKSDEEKMKKLEELEEKVKEIKEILEKGPTLEELKEILKILEEIAKEIEEWAQTRYPLIFSRVKKNIEEAKKLLKE,DP2_0995,7ox3_0P,7ox3,True,f8038f67bf9a554fbbb010c6c65ab3ce,7ox3_0P
AAEAFRAKLEELKQILEEAAKIAKEEGNEEEAKKFEAGILDINFLLSLGPLTEEEVQTRYPLIFSRVKKIVEYLKKWLEEKLKEAKAKGNEEKAAKYKALLERL,DP2_0996,7ox3_0P,7ox3,True,224140ce219d0b4585d09eead510efc7,7ox3_0P
MKEKLEKIEKLEKERKELLEAGILDINFLAEKLKEDKKVQELKKELEKAKKKSDEELIKKMKEFVEYTKEEAQTRYPLIFSRVKKNLEEIEKLKKEIEKLKKEL,DP2_0997,7ox3_0P,7ox3,True,7dc0441c8ea48a3722a7ebf57dd03521,7ox3_0P
KEKEIKELEKKLLEKFEAGILDINFILKEIDPSAEPLIKEINELYEKAKTSSLEEKKKLLEKLKEIAEKYKEEAQTRYPLIFSRVKKNLEEAEKLLEKIEELLK,DP2_0998,7ox3_0P,7ox3,True,0038b035b06437c954433d55d617270e,7ox3_0P
EEKRKRLIEKIKAGILDINFLLEAAKEEGNEENAKLLEEALKNYEKILKMAEEGIENKEEIEKLLEEIEKNLKKVEKWVQTRYPLIFSRVKKNLEEIKKLIEEI,DP2_0999,7ox3_0P,7ox3,True,e94e1cbfb62c54613f3d74a6171cb78c,7ox3_0P
KEEKLKKIEELEKKKKEAIKAGILDINFLAKEMGDEELLKKVAEAEKLFKEGKYEEALKLLKELTEKIKEYAQTRYPLIFSRVKKNLKLIEELEKEIEKLKKEL,DP2_1000,7ox3_0P,7ox3,True,c14b1fdbdabd0a72ca8ba2b24887bfee,7ox3_0P
